severity,bounding_box_percentage,road_type,traffic_density,rainfall_probability,temperature_celsius,season,days_until_critical
2,19.7,0,0,53,26.0,2,8
2,12.89,0,2,5,31.7,1,9
2,17.57,2,0,94,29.9,2,2
0,2.71,0,2,9,31.7,1,25
1,4.45,0,0,54,33.8,1,19
1,4.18,2,0,18,42.1,1,24
2,31.73,1,2,2,17.3,0,5
0,3.45,0,1,53,34.2,1,15
1,7.0,1,0,34,32.5,2,19
0,6.93,1,1,40,39.7,1,29
0,1.99,2,1,2,19.3,0,30
2,30.35,2,1,25,20.4,0,7
2,15.91,1,0,47,37.5,1,9
2,39.93,1,1,8,15.1,0,9
0,4.58,0,0,43,13.9,0,33
1,15.91,2,1,26,33.5,2,13
0,5.5,2,2,21,29.9,1,14
2,33.33,2,1,89,36.8,2,2
2,29.05,1,2,44,29.2,2,2
2,25.68,0,2,7,43.8,1,9
1,16.17,0,0,5,9.2,0,22
2,25.31,0,0,95,26.3,2,2
2,38.01,2,1,44,10.8,0,2
2,24.64,1,1,56,27.1,2,7
1,6.45,0,2,53,24.1,2,7
0,3.84,0,1,17,17.4,0,28
0,6.58,2,0,98,32.1,2,19
1,12.88,0,0,22,13.9,0,26
1,12.8,2,0,37,24.8,2,14
0,3.99,0,0,8,13.9,0,29
1,9.65,1,0,35,9.4,0,20
0,3.14,0,0,30,11.0,0,29
1,3.03,0,0,24,32.5,1,24
1,12.93,2,2,87,26.2,2,2
1,14.04,0,0,32,34.5,2,19
2,38.9,2,0,5,19.9,0,11
0,6.1,2,0,76,25.7,2,23
2,23.74,0,2,37,15.9,0,2
1,13.74,1,0,55,27.7,2,16
1,9.87,1,0,36,21.9,0,25
0,2.22,2,0,69,36.3,2,25
0,2.47,1,2,92,24.1,2,10
2,38.29,1,2,8,11.7,0,5
0,1.87,1,1,68,26.9,2,16
2,19.03,1,2,54,28.9,1,2
0,4.64,0,1,16,10.3,0,25
1,11.41,2,2,7,29.3,1,14
2,27.47,0,1,80,25.8,2,2
1,6.15,1,0,15,39.3,1,21
1,16.89,2,2,15,20.1,0,12
0,5.29,1,0,21,19.0,0,29
2,34.05,0,1,6,13.4,0,9
0,5.81,1,0,29,12.9,0,34
0,3.09,0,2,17,20.1,0,20
1,9.0,1,2,93,28.6,2,9
1,3.57,0,2,38,35.4,1,14
2,39.56,1,1,39,29.4,2,2
2,37.92,1,0,93,33.6,2,2
2,22.2,2,2,4,21.3,0,5
2,26.2,0,2,42,34.9,1,2
1,4.91,2,1,78,33.3,2,5
0,3.14,2,2,53,28.0,1,18
1,12.1,0,1,66,30.5,2,6
1,4.27,2,0,90,33.3,2,13
2,30.84,1,0,14,19.3,0,11
1,9.22,2,0,40,37.8,1,20
2,23.19,2,1,9,39.2,1,12
0,5.73,1,0,44,15.3,0,30
0,3.47,2,0,29,17.3,0,36
1,9.4,2,2,95,30.2,2,2
0,2.18,2,1,15,42.3,1,27
1,9.6,2,0,45,32.9,1,24
1,4.21,1,1,44,27.2,2,11
0,4.03,1,1,26,29.1,1,22
1,3.29,1,2,98,29.3,2,6
1,14.02,1,2,53,30.8,2,5
1,8.83,1,1,42,17.5,0,16
1,3.4,0,2,75,32.3,2,7
2,24.0,0,0,84,26.5,2,2
1,7.17,1,1,53,35.2,1,18
0,4.01,1,0,69,27.1,2,29
0,5.95,0,0,39,10.1,0,34
0,4.17,1,2,13,14.5,0,26
2,15.21,2,2,45,37.5,2,2
0,4.24,2,0,24,34.7,1,30
2,31.52,2,0,19,19.9,0,9
2,21.72,0,2,27,17.3,0,8
0,3.32,1,1,23,16.9,0,31
1,5.64,2,0,33,44.4,1,21
2,35.12,1,1,37,32.6,1,7
0,2.09,0,1,29,37.7,1,25
1,6.18,1,0,51,32.4,1,17
1,11.34,2,2,33,44.1,1,11
1,10.14,2,0,87,30.3,2,13
0,3.13,0,1,15,12.3,0,27
2,27.41,1,1,70,33.8,2,2
1,4.81,1,1,12,12.4,0,21
2,32.68,0,0,17,18.1,0,3
2,35.31,2,1,18,11.2,0,6
2,39.28,0,1,35,12.1,0,3
0,6.17,2,1,36,12.0,0,24
0,5.84,1,1,25,14.9,0,28
2,16.25,2,2,36,21.3,0,2
2,34.14,1,2,53,34.9,2,2
1,15.9,1,1,27,33.2,1,12
2,17.91,0,0,35,26.2,2,3
0,0.52,2,0,28,17.7,0,32
1,15.89,2,1,34,33.6,2,11
1,15.06,2,2,50,30.0,2,2
1,5.49,0,0,19,16.3,0,24
2,25.12,1,1,19,17.8,0,11
1,3.6,1,0,80,34.3,2,12
2,18.41,1,0,43,19.7,0,5
2,33.37,1,2,11,14.6,0,2
2,39.91,1,1,27,16.9,0,2
1,13.05,1,1,54,30.7,1,13
1,12.94,2,1,25,41.8,1,13
1,17.55,1,1,25,20.1,0,16
0,3.19,2,2,12,36.8,1,16
1,11.24,0,0,18,35.4,1,19
2,39.25,1,0,38,19.2,0,6
0,1.96,2,1,7,14.5,0,28
0,6.56,2,0,18,36.7,1,30
1,5.17,0,1,49,36.9,2,17
2,19.73,2,0,26,12.8,0,13
0,5.94,1,2,37,45.0,1,19
1,10.27,0,1,67,31.7,2,6
1,11.58,0,2,14,20.0,0,15
1,10.09,0,1,73,29.4,2,5
0,3.76,1,0,37,12.6,0,27
0,6.42,1,0,26,34.1,2,22
0,2.7,0,1,44,34.8,1,27
0,2.97,1,2,65,32.8,2,17
2,18.57,0,2,43,20.9,0,2
0,6.86,2,0,48,38.8,1,30
2,21.08,1,0,3,12.1,0,12
1,10.97,1,0,36,17.5,0,22
2,18.74,1,2,99,26.0,2,2
1,6.83,2,1,0,43.3,1,18
2,38.47,0,0,37,33.1,1,5
1,15.68,2,1,12,45.0,1,18
1,7.44,2,1,62,24.3,2,9
2,27.85,1,1,43,18.9,0,11
2,29.0,1,1,22,11.1,0,5
0,5.41,2,1,42,32.8,2,24
1,8.47,1,0,41,25.3,2,13
1,5.63,1,2,8,41.4,1,18
2,37.59,1,0,30,44.4,1,4
1,10.02,2,1,4,10.0,0,27
2,22.24,2,1,75,24.2,2,2
2,30.84,0,1,43,32.5,1,2
1,10.07,0,2,39,20.4,0,16
2,30.13,1,2,40,19.5,0,3
1,17.19,0,0,19,21.9,0,20
0,1.38,0,0,83,29.2,2,26
2,32.34,1,2,78,33.2,2,2
1,3.49,2,1,23,31.7,1,17
1,11.17,0,2,41,34.1,1,12
1,17.24,1,0,29,9.3,0,22
0,6.93,0,1,36,10.9,0,31
2,34.77,0,2,14,12.6,0,6
0,4.01,1,0,11,9.5,0,39
0,5.63,0,0,15,38.0,1,33
0,1.24,2,1,33,30.7,2,23
1,9.78,2,2,14,21.2,0,16
2,30.01,2,1,1,29.0,1,8
1,4.62,1,1,81,25.0,2,12
0,4.61,0,1,95,34.0,2,17
1,9.81,2,2,38,35.3,1,7
2,36.23,2,2,80,30.3,2,2
0,3.09,1,1,46,29.6,1,21
1,4.01,0,2,53,29.5,1,14
1,8.59,0,2,41,31.8,2,4
1,8.3,2,0,42,44.0,1,18
1,12.01,2,0,22,29.8,1,19
1,15.68,0,0,23,30.0,1,20
1,15.68,2,0,49,41.9,1,14
0,2.24,2,2,48,27.8,2,9
1,5.72,1,1,9,15.9,0,20
2,26.85,0,0,73,29.9,2,2
1,13.82,0,1,49,44.0,1,9
0,4.88,0,2,17,14.2,0,22
1,9.21,1,2,13,40.8,1,17
1,10.3,2,2,64,24.6,2,2
1,6.07,2,0,13,18.7,0,25
0,3.3,0,1,41,29.3,2,19
2,35.33,0,2,70,25.0,2,2
0,4.24,1,0,36,34.9,1,29
2,23.34,1,1,20,10.4,0,11
2,35.65,1,0,15,35.4,1,7
1,16.06,2,0,47,33.8,1,16
2,26.28,2,0,69,28.9,2,2
2,16.1,0,0,12,10.4,0,18
0,3.52,0,2,36,40.9,1,26
1,12.53,2,2,66,36.1,2,2
0,2.47,1,1,60,32.3,2,18
1,9.93,2,0,2,29.0,1,24
0,3.0,2,2,99,31.8,2,5
2,30.25,0,1,66,32.5,2,2
1,4.26,0,1,47,24.5,2,12
2,26.64,1,1,45,29.1,2,2
1,14.84,2,2,41,12.7,0,6
1,8.8,0,2,57,34.1,2,2
0,4.81,1,0,69,28.3,2,16
2,15.61,2,2,45,43.9,1,2
1,15.43,0,2,92,25.3,2,4
2,12.51,1,2,19,31.1,1,7
1,5.32,0,0,18,19.8,0,32
0,6.24,2,2,29,33.3,2,16
2,17.06,1,0,44,18.8,0,8
0,3.17,2,1,43,18.1,0,31
2,18.7,1,0,85,36.7,2,2
0,6.9,1,2,84,34.8,2,12
1,5.08,0,0,57,24.7,2,12
1,13.67,1,2,33,19.9,0,12
1,15.47,1,2,5,21.2,0,21
0,3.2,1,1,25,15.0,0,30
1,16.96,0,0,53,40.1,1,26
1,7.3,0,0,30,17.7,0,26
1,3.29,2,0,13,19.7,0,29
2,23.85,2,2,61,27.3,2,2
2,15.1,2,1,31,16.4,0,11
0,2.07,2,2,43,28.1,2,15
2,30.71,1,0,92,37.6,2,2
0,5.61,2,2,89,31.8,2,4
2,32.92,1,1,22,41.4,1,6
1,12.42,0,2,99,34.3,2,2
2,35.25,1,2,43,14.5,0,2
2,34.72,1,2,4,18.0,0,4
0,2.55,0,0,19,15.2,0,33
2,33.09,1,1,12,12.0,0,7
2,34.38,1,1,27,20.5,0,4
2,39.26,1,1,31,39.8,1,2
1,4.18,0,2,38,44.9,1,17
0,1.17,2,1,20,39.2,1,26
1,8.27,0,2,2,40.4,1,20
1,12.59,2,1,50,44.1,1,18
1,5.4,2,2,28,26.0,2,7
2,15.53,2,1,15,18.9,0,9
2,31.01,0,2,23,13.2,0,4
0,2.89,2,0,65,33.1,2,23
2,22.84,0,1,96,25.6,2,2
1,17.95,2,1,18,17.7,0,20
0,6.34,0,1,28,22.0,0,28
2,31.87,1,2,35,37.2,1,3
2,16.87,2,2,71,31.1,2,2
0,5.64,0,0,1,13.1,0,31
2,13.84,0,2,25,22.0,0,5
2,33.54,1,2,52,37.8,1,2
0,3.86,1,1,41,36.3,2,23
2,33.5,2,2,8,14.1,0,2
0,1.57,2,0,20,43.9,1,31
0,6.0,1,2,16,31.3,1,25
2,14.62,1,2,46,32.3,2,2
2,29.49,0,0,68,35.8,2,2
0,5.51,0,0,58,33.1,2,21
2,12.85,1,2,94,28.1,2,2
2,14.04,1,1,3,30.7,1,9
1,8.1,1,1,9,12.4,0,20
1,10.72,1,0,6,33.4,1,18
1,6.72,0,1,6,28.9,1,25
1,17.01,0,0,46,33.3,1,15
0,3.74,1,2,19,36.5,1,26
1,8.29,0,0,31,27.9,2,18
2,20.0,2,2,0,42.4,1,2
2,13.27,1,1,3,37.7,1,13
0,0.98,1,2,32,35.7,1,17
2,15.6,2,2,6,13.5,0,2
1,5.99,2,1,32,13.6,0,20
2,24.8,1,1,90,26.0,2,2
2,39.74,1,0,47,42.3,1,2
2,27.76,2,1,85,35.4,2,2
1,17.7,1,2,37,12.3,0,17
2,19.43,0,2,41,41.3,1,2
2,13.44,2,0,86,26.4,2,2
1,3.47,0,2,44,9.5,0,12
0,1.48,1,1,44,31.5,1,21
1,13.59,2,2,33,10.9,0,8
1,8.65,2,1,47,30.4,2,7
2,34.5,2,2,58,32.5,2,2
0,2.44,0,1,63,34.8,2,18
1,11.41,1,1,50,40.3,1,10
1,11.15,0,2,75,35.5,2,9
1,4.19,0,1,81,33.2,2,7
2,35.18,1,0,17,21.1,0,9
2,18.79,2,2,42,20.7,0,2
0,1.15,2,0,21,18.0,0,38
0,4.74,2,0,30,36.1,1,33
0,4.7,1,1,49,29.5,1,21
2,36.7,0,0,11,43.9,1,6
0,6.59,1,1,18,20.3,0,32
0,6.93,1,1,34,36.9,1,25
0,1.75,2,1,7,33.6,1,28
2,21.44,0,0,62,31.9,2,2
0,6.33,0,2,79,31.2,2,16
0,6.58,0,1,0,32.4,1,31
0,2.46,1,1,46,37.7,1,25
0,3.53,0,2,10,13.7,0,29
2,15.29,2,1,62,29.1,2,2
1,17.83,0,1,72,29.8,2,14
2,35.12,1,2,56,33.5,2,2
2,22.13,1,2,97,25.6,2,2
2,27.03,2,0,46,28.6,2,2
0,1.09,2,2,32,35.6,1,17
0,3.2,1,0,97,24.8,2,14
2,34.86,0,1,47,31.7,1,2
0,5.05,0,1,34,44.9,1,26
1,5.7,0,1,8,41.0,1,19
2,39.8,2,1,24,35.6,1,4
0,1.36,2,2,69,25.7,2,8
2,32.38,1,2,14,19.7,0,3
1,9.36,2,2,73,35.5,2,2
0,2.29,1,1,7,8.5,0,29
0,1.16,0,0,2,14.3,0,32
2,32.74,2,0,25,14.1,0,4
0,2.02,0,2,46,37.8,1,20
2,18.63,2,2,9,44.8,1,2
1,16.2,0,2,47,32.8,2,5
1,17.58,2,1,41,17.4,0,16
1,8.65,1,0,48,37.1,1,16
0,1.44,0,1,84,36.8,2,10
2,18.8,2,0,13,33.6,1,9
0,3.98,1,1,12,8.7,0,27
0,5.21,0,0,96,27.0,2,22
0,1.88,1,1,12,21.5,0,39
1,13.56,0,2,75,36.8,2,11
2,25.06,1,1,41,34.1,1,3
1,10.04,1,0,65,36.8,2,17
1,11.44,1,1,14,18.4,0,24
2,20.27,2,2,12,33.6,1,2
1,11.26,2,0,43,33.7,1,19
2,24.9,2,2,46,41.5,1,2
0,3.67,0,2,94,37.9,2,15
0,3.18,2,0,40,11.2,0,30
2,26.16,0,0,23,8.8,0,7
1,3.1,2,1,35,13.8,0,14
0,3.98,2,2,18,28.3,1,20
0,1.47,0,0,49,32.7,2,21
1,4.19,1,1,25,35.8,1,19
1,17.88,2,0,29,25.3,2,19
1,3.84,1,2,0,39.9,1,22
2,37.05,1,2,2,11.2,0,5
2,13.3,2,1,4,39.6,1,10
2,12.44,0,0,13,38.0,1,17
2,16.55,1,0,15,37.6,1,15
2,15.92,1,1,35,31.0,2,2
1,6.48,0,0,4,33.8,1,25
1,7.1,1,0,82,30.9,2,5
1,5.79,2,1,37,39.2,1,20
0,2.24,2,0,24,18.0,0,35
2,20.87,0,2,6,29.6,1,7
1,5.81,0,0,28,15.8,0,23
2,14.51,1,0,35,9.3,0,11
1,8.82,0,1,5,40.3,1,18
2,16.75,0,2,73,26.4,2,2
0,2.29,0,0,19,36.2,1,34
0,5.19,1,1,31,16.3,0,28
1,15.62,0,1,24,41.7,1,17
1,15.23,1,1,55,39.1,1,11
2,20.8,2,0,25,44.5,1,9
1,10.37,2,2,98,34.9,2,2
1,6.0,1,0,94,26.5,2,13
2,38.4,0,2,13,35.5,1,2
1,12.5,2,1,15,11.5,0,24
0,0.98,2,1,38,36.1,1,23
2,34.14,1,2,23,17.8,0,3
2,15.06,2,2,15,17.2,0,2
0,4.7,2,2,67,37.5,2,13
1,6.88,0,0,32,18.5,0,19
0,3.51,1,1,43,38.0,1,23
2,25.52,0,1,18,13.8,0,9
2,21.61,0,1,50,31.5,1,3
1,9.57,1,1,44,14.3,0,18
2,30.14,0,0,43,41.6,1,7
2,27.45,0,2,21,15.8,0,5
1,12.61,2,0,27,13.5,0,22
2,28.58,2,0,24,28.1,1,9
2,34.39,0,2,34,10.6,0,2
1,6.94,0,1,31,15.4,0,17
2,21.74,1,2,29,16.6,0,2
2,28.52,2,1,42,28.4,2,2
1,8.83,2,0,42,32.0,2,17
1,11.06,0,1,47,31.8,2,9
1,15.98,1,2,0,14.8,0,16
0,4.74,1,2,77,33.6,2,8
1,3.46,0,0,53,28.1,2,19
1,5.52,0,2,29,37.6,1,14
2,19.5,0,2,34,19.5,0,2
1,9.62,2,0,52,37.9,2,19
0,2.21,1,0,55,41.9,1,31
1,15.16,0,0,37,17.6,0,23
1,14.77,0,2,13,19.3,0,12
2,28.71,1,2,10,33.5,1,2
1,5.03,2,2,26,20.9,0,9
1,15.99,2,0,56,26.0,2,11
2,28.17,1,1,17,16.8,0,9
1,14.92,1,0,36,29.6,2,15
1,11.73,1,1,55,41.2,1,9
2,29.78,0,2,44,34.1,1,2
0,2.25,1,0,53,32.8,1,30
2,35.87,2,0,68,36.5,2,2
2,38.02,1,0,10,14.2,0,9
0,6.41,1,0,63,26.2,2,24
2,22.41,1,1,41,10.3,0,5
1,13.49,2,1,54,30.0,2,10
0,4.36,1,0,33,17.5,0,32
0,5.81,0,2,55,35.2,1,20
1,4.55,0,2,23,20.3,0,17
0,6.95,1,0,43,25.0,2,20
0,1.88,1,1,44,36.9,2,20
2,14.43,2,1,6,10.0,0,15
1,6.72,1,1,41,9.2,0,22
2,29.01,2,2,28,35.9,2,2
2,32.94,2,2,18,17.0,0,2
0,2.07,1,1,40,16.3,0,19
1,15.91,1,0,36,35.2,1,17
2,38.72,2,0,49,29.2,1,3
0,3.79,0,0,40,40.1,1,29
1,4.24,1,2,34,37.1,1,14
0,3.99,2,0,25,16.2,0,34
2,20.68,2,2,27,18.2,0,2
0,4.48,1,0,3,33.3,1,32
2,15.34,2,2,45,9.9,0,2
1,6.89,2,2,72,25.8,2,2
1,8.03,2,0,27,11.8,0,28
2,24.75,2,0,23,28.9,1,11
2,19.14,0,1,6,20.5,0,10
2,36.04,2,0,0,11.4,0,10
1,5.68,1,1,2,15.7,0,27
1,9.24,0,1,20,11.8,0,17
0,3.76,2,1,3,10.5,0,34
1,14.6,0,1,19,33.6,1,8
2,17.62,1,0,36,41.3,1,10
1,13.99,2,1,34,18.6,0,15
0,0.66,0,0,34,33.9,1,34
1,15.74,0,2,46,33.2,1,4
0,3.7,2,0,3,44.5,1,34
0,5.06,0,2,23,35.8,1,24
2,26.15,0,2,40,19.5,0,5
1,7.38,2,0,20,21.0,0,26
1,7.77,2,2,17,32.0,1,11
2,16.6,0,0,29,12.4,0,12
0,3.44,2,1,29,11.7,0,30
2,28.89,1,2,52,35.7,2,2
1,6.72,0,0,70,29.5,2,16
0,4.11,0,1,35,32.2,1,26
1,3.18,0,0,14,9.8,0,27
2,28.41,2,0,34,24.3,2,2
0,5.76,0,2,5,43.4,1,25
0,6.51,1,0,27,19.5,0,29
1,13.25,1,0,11,34.0,1,24
1,12.29,0,0,56,33.1,2,12
1,3.91,1,2,17,34.5,1,12
2,34.26,0,2,73,34.9,2,2
1,8.16,1,2,36,36.5,1,11
1,16.44,2,0,17,8.8,0,23
1,17.99,2,1,45,25.4,2,8
2,35.7,0,0,74,29.0,2,2
0,2.57,0,0,70,36.8,2,27
2,38.55,2,0,88,31.6,2,2
0,0.87,1,0,38,11.1,0,32
2,32.07,0,0,51,42.4,1,5
1,11.8,0,0,9,18.8,0,28
0,3.07,1,2,37,28.7,2,13
1,17.23,0,0,87,33.1,2,13
2,30.63,2,1,11,13.3,0,14
2,16.98,2,1,0,21.3,0,15
2,20.91,0,0,53,33.0,2,3
0,5.34,1,0,15,33.9,1,29
0,5.24,2,2,67,30.3,2,13
1,4.02,0,0,57,35.0,2,15
1,16.27,2,1,31,20.3,0,16
1,15.43,2,1,36,17.1,0,16
0,2.57,0,1,6,9.0,0,29
0,0.99,1,0,36,28.7,2,32
2,16.62,0,1,80,26.2,2,2
0,3.16,1,0,35,18.1,0,31
1,3.74,1,0,36,15.7,0,21
1,3.06,0,0,5,33.0,1,23
0,1.61,0,0,18,21.7,0,30
1,10.06,0,1,42,32.5,1,13
1,9.69,1,1,16,14.2,0,18
1,3.92,0,1,37,25.2,2,11
2,35.54,0,2,33,13.9,0,3
2,36.69,2,1,85,28.2,2,2
0,5.7,2,2,43,25.7,2,15
1,15.13,0,0,8,8.6,0,27
0,2.18,2,0,33,25.2,2,28
2,35.99,1,2,33,35.8,1,2
2,15.15,2,2,9,30.5,1,2
2,27.76,2,0,6,19.0,0,17
1,10.28,1,1,85,24.5,2,2
1,12.13,1,0,76,24.5,2,13
0,6.49,0,2,23,28.3,1,20
1,15.87,1,1,43,29.7,1,15
2,32.41,1,1,38,39.0,1,2
0,5.32,1,0,48,36.8,1,27
0,3.79,0,1,42,34.9,2,22
2,17.4,2,0,12,19.7,0,14
1,8.53,2,0,29,36.6,1,24
2,18.77,0,2,31,16.3,0,7
2,16.58,2,1,16,40.7,1,14
2,22.82,0,1,10,20.0,0,10
0,1.84,2,0,77,31.2,2,20
2,30.13,0,1,38,19.2,0,5
1,7.13,2,2,73,35.9,2,4
1,7.53,1,0,33,42.0,1,20
2,30.13,2,1,61,28.2,2,2
0,6.92,1,0,40,33.5,1,28
2,26.48,1,0,15,20.6,0,16
2,31.06,1,2,46,28.4,1,2
1,3.53,1,1,98,35.4,2,7
1,13.29,2,2,40,19.0,0,11
2,36.54,1,0,48,28.1,2,2
1,13.88,0,2,35,41.0,1,13
1,8.33,2,0,19,13.9,0,28
1,7.41,1,1,40,30.6,2,15
2,26.01,0,1,43,13.3,0,2
1,5.06,1,0,12,12.8,0,32
1,5.71,0,1,35,30.8,2,13
2,13.62,0,1,82,27.8,2,2
0,4.49,1,0,40,14.0,0,29
1,3.57,1,1,12,18.2,0,28
2,12.12,0,0,56,27.2,2,3
1,8.75,1,0,37,12.3,0,23
1,11.95,1,2,68,30.1,2,5
2,22.06,0,1,12,30.8,1,12
0,6.9,0,0,52,34.3,2,20
2,22.26,2,0,41,19.1,0,7
2,39.85,2,0,38,33.1,2,3
0,3.21,0,2,24,9.7,0,25
0,0.56,2,2,78,33.3,2,14
2,28.96,2,1,42,29.9,2,2
2,33.97,0,1,31,10.8,0,2
0,2.83,1,2,26,12.1,0,28
0,2.02,2,1,0,39.4,1,30
0,1.47,2,2,5,41.3,1,24
1,17.83,2,0,18,32.5,1,22
0,6.04,0,0,23,19.2,0,30
0,4.81,0,0,10,12.6,0,38
1,4.39,2,1,68,26.6,2,4
1,15.0,1,2,41,43.1,1,15
0,5.22,0,0,45,25.5,2,27
2,29.12,2,1,22,16.6,0,5
2,37.77,2,0,7,43.1,1,7
2,36.31,1,0,92,34.7,2,2
2,39.38,2,2,42,20.2,0,2
2,32.35,0,1,86,28.8,2,2
2,35.49,2,1,35,20.5,0,3
0,6.15,2,1,4,40.8,1,28
1,3.76,0,1,14,37.4,1,16
0,3.41,1,1,88,30.3,2,20
0,0.62,1,2,76,29.8,2,14
0,2.48,2,2,90,31.9,2,7
2,22.17,2,1,3,41.9,1,10
2,30.4,2,1,82,25.6,2,2
2,21.94,0,0,40,44.4,1,8
2,25.79,0,0,45,18.4,0,13
1,5.94,0,1,40,37.0,2,10
0,5.42,2,1,2,21.0,0,33
2,24.81,2,0,37,44.3,1,10
2,38.19,2,0,99,30.8,2,2
2,16.86,0,2,41,25.4,2,2
1,17.69,2,1,44,41.0,1,10
1,9.79,1,1,8,30.3,1,14
2,36.1,1,2,95,32.9,2,2
0,2.39,0,2,69,36.9,2,18
0,4.64,2,2,39,34.7,2,15
2,38.39,1,2,78,33.4,2,2
1,3.38,0,2,9,8.7,0,16
0,6.89,0,1,43,11.5,0,28
1,8.38,0,2,28,9.4,0,11
2,32.79,2,2,35,13.4,0,2
2,13.32,1,2,73,29.4,2,2
2,12.36,1,2,16,10.8,0,11
1,13.64,0,2,72,34.6,2,2
2,33.73,2,2,12,12.1,0,2
0,1.28,0,2,30,30.0,2,23
2,28.35,1,0,16,8.1,0,4
0,0.83,0,1,63,30.9,2,21
2,33.95,2,1,20,15.4,0,9
2,27.04,0,1,36,28.9,2,2
0,2.85,2,1,13,44.2,1,25
2,30.73,2,0,28,11.4,0,7
2,38.85,2,2,43,20.4,0,2
0,5.21,1,1,28,36.8,2,26
1,10.3,2,2,18,43.3,1,10
0,0.55,0,2,33,27.0,2,22
2,35.4,0,2,13,37.1,1,2
1,13.29,2,0,28,30.4,2,8
1,3.81,0,0,16,15.8,0,24
1,12.45,1,1,27,33.4,1,15
1,3.09,2,0,33,34.6,2,14
0,2.38,1,2,43,12.2,0,21
0,3.07,1,1,42,28.5,1,26
2,38.88,1,2,9,33.1,1,2
2,27.5,2,1,35,10.0,0,9
1,7.57,2,2,22,11.0,0,12
2,17.15,2,0,39,19.7,0,12
2,30.05,0,2,4,32.9,1,4
0,5.22,1,0,31,21.3,0,29
0,0.95,0,1,49,28.4,2,24
1,7.59,1,2,99,26.1,2,2
1,6.69,0,0,14,40.1,1,21
2,15.76,1,1,46,33.6,1,2
1,5.64,1,2,38,9.1,0,15
1,6.95,0,2,40,9.1,0,15
2,28.21,2,0,100,27.0,2,2
0,6.31,2,1,94,30.6,2,15
0,1.37,2,2,32,36.7,1,15
1,12.94,1,2,39,17.6,0,13
0,4.79,0,2,43,34.3,2,15
1,14.42,1,0,14,8.9,0,22
0,3.55,2,1,29,43.0,1,27
0,5.07,2,1,33,16.9,0,27
2,22.55,2,2,24,13.1,0,4
2,22.54,0,2,14,36.8,1,2
1,10.53,1,2,8,14.2,0,21
0,2.33,0,2,44,26.6,2,14
0,5.77,2,0,46,29.9,1,32
2,28.54,1,1,41,19.7,0,6
2,29.63,2,0,2,20.5,0,13
0,6.5,0,0,33,44.3,1,26
0,5.84,2,2,35,27.0,2,10
2,18.14,1,1,26,16.4,0,10
0,2.22,2,2,68,36.9,2,4
2,22.59,2,0,8,9.5,0,15
2,28.95,2,1,11,14.7,0,13
2,26.09,2,0,40,25.3,2,2
2,24.08,0,2,78,29.2,2,2
0,1.99,2,2,51,36.2,1,16
2,23.91,2,2,16,14.7,0,2
0,6.2,0,1,77,27.6,2,22
0,3.88,2,2,24,17.2,0,20
2,14.98,1,1,27,39.1,1,7
1,7.13,2,1,75,34.6,2,15
1,5.68,2,2,35,37.4,1,8
1,5.07,2,1,40,34.5,2,15
1,6.22,2,0,25,19.0,0,25
2,22.89,2,0,40,8.1,0,6
0,3.33,0,1,33,27.7,2,19
2,30.37,1,1,61,34.0,2,2
2,25.84,0,0,26,26.8,2,2
1,10.66,0,0,54,32.6,2,9
2,30.34,0,1,10,9.2,0,7
2,17.61,1,1,26,34.3,2,6
0,5.22,0,2,35,43.6,1,17
1,9.82,0,2,25,16.0,0,21
1,4.6,0,1,34,31.0,2,13
2,19.0,1,2,81,37.5,2,2
2,38.91,1,0,29,39.6,1,10
1,8.74,0,1,14,17.5,0,17
0,3.86,1,1,0,39.9,1,29
1,4.14,2,2,11,36.1,1,13
1,5.74,0,2,47,39.6,1,15
0,6.17,0,2,13,11.2,0,23
0,5.56,2,1,7,20.9,0,28
2,35.74,0,2,23,16.7,0,2
1,5.74,2,1,48,43.6,1,15
2,34.38,0,0,86,37.2,2,2
0,6.09,2,1,49,31.0,1,28
1,3.18,1,2,13,13.3,0,17
0,6.1,1,1,48,31.7,2,20
2,25.97,1,1,13,13.9,0,12
1,9.76,1,1,36,30.2,1,14
0,4.11,2,1,24,10.7,0,28
2,16.95,0,1,31,9.9,0,12
2,20.4,2,1,35,42.6,1,3
0,1.56,1,0,52,35.4,2,20
1,8.41,2,1,35,37.5,1,17
1,4.82,1,0,55,39.6,1,16
2,39.42,2,2,18,13.0,0,2
2,24.51,2,1,35,29.3,2,2
0,3.24,0,2,39,37.7,1,25
0,1.98,0,0,20,39.1,1,30
1,14.22,1,1,33,44.4,1,11
1,4.88,0,0,15,17.3,0,30
0,1.17,0,0,4,43.9,1,32
1,14.56,2,0,33,18.7,0,23
0,2.51,0,2,15,40.5,1,25
1,10.9,2,0,10,8.4,0,21
1,17.02,1,1,95,30.2,2,2
2,28.73,2,0,97,30.1,2,2
1,15.07,1,2,28,12.3,0,11
1,3.16,1,0,33,41.9,1,23
1,16.83,2,0,86,28.2,2,7
1,14.95,1,2,35,13.2,0,9
1,14.06,0,0,74,35.6,2,13
0,4.56,1,0,33,41.0,1,34
2,32.8,1,1,59,29.8,2,2
0,1.22,0,0,29,38.5,1,30
0,0.82,1,0,34,8.3,0,37
0,5.15,1,1,0,11.3,0,33
1,17.97,1,1,29,39.8,1,17
0,0.86,1,0,25,9.0,0,31
1,17.62,1,0,45,11.5,0,19
1,5.99,0,2,6,15.3,0,21
2,29.62,1,1,2,18.4,0,8
2,25.47,2,0,19,31.4,1,14
0,3.32,0,0,26,26.3,2,23
1,14.84,2,0,0,44.5,1,18
2,33.58,2,0,15,30.7,1,6
0,6.55,2,2,48,38.6,1,19
2,25.66,2,0,20,21.7,0,13
2,17.4,1,1,73,29.0,2,3
1,7.42,2,1,87,26.7,2,12
0,5.26,2,1,17,42.8,1,22
0,3.42,0,2,16,15.6,0,22
1,8.69,0,2,48,36.4,2,5
2,13.77,0,1,93,35.5,2,2
0,5.48,2,2,9,38.4,1,17
0,0.93,0,2,41,26.5,2,22
0,1.75,0,0,2,37.7,1,36
2,19.17,2,2,71,27.1,2,2
2,30.36,0,0,5,14.6,0,10
2,13.63,1,1,59,31.4,2,2
2,38.45,0,1,33,9.4,0,3
0,2.12,0,2,47,31.8,2,13
2,33.46,1,2,36,13.0,0,2
0,3.11,0,0,68,33.2,2,24
2,37.27,2,1,35,44.9,1,2
2,29.04,1,2,36,37.3,1,2
1,8.4,2,2,28,35.6,1,4
1,5.03,2,0,63,24.1,2,17
0,5.51,0,1,44,19.5,0,29
2,13.06,2,0,22,10.2,0,13
1,6.49,1,2,19,9.3,0,11
2,34.2,0,2,11,36.3,1,4
2,28.67,2,2,19,8.5,0,2
0,3.21,1,1,55,30.0,1,21
0,6.54,2,2,73,24.8,2,5
2,31.54,0,1,44,24.7,2,2
2,28.11,1,1,36,27.1,2,2
0,4.21,1,0,3,37.3,1,36
1,9.52,0,1,41,34.7,2,10
1,11.42,2,2,33,11.4,0,9
0,4.95,1,1,36,29.5,1,24
1,11.91,0,1,1,41.1,1,16
0,4.55,1,2,28,28.8,1,23
1,4.69,0,2,3,11.4,0,17
2,21.61,0,1,7,12.3,0,7
2,27.3,2,0,16,15.7,0,12
2,31.57,2,0,27,29.3,2,6
1,6.01,0,0,44,38.5,1,18
0,0.93,1,2,42,11.8,0,26
0,3.01,0,1,73,31.1,2,14
2,36.27,0,1,34,29.5,1,4
2,18.93,2,0,33,12.3,0,19
1,3.28,1,2,43,12.9,0,13
2,19.22,1,0,74,36.5,2,2
0,1.49,2,1,25,17.2,0,32
2,18.37,2,2,55,32.0,2,2
1,9.74,1,2,8,31.5,1,17
0,5.08,0,1,92,36.7,2,18
1,16.76,0,2,65,24.9,2,2
0,0.69,1,0,65,36.3,2,22
1,14.18,1,1,52,43.2,1,15
0,0.67,0,0,39,16.6,0,31
2,28.7,2,2,14,17.6,0,2
1,10.03,0,2,72,26.6,2,8
1,5.46,1,1,14,8.5,0,21
1,13.07,1,0,50,34.6,2,13
0,3.68,0,1,66,36.1,2,21
0,5.18,2,2,25,38.4,1,15
2,26.71,2,2,29,31.3,2,2
0,3.07,0,2,30,31.8,2,20
2,20.15,2,0,25,20.4,0,13
0,6.47,1,1,91,36.7,2,13
1,13.84,2,1,7,10.5,0,14
2,21.06,0,1,1,31.0,1,5
2,14.53,2,0,20,39.8,1,17
2,15.2,2,0,28,16.9,0,10
0,5.22,2,2,32,38.4,1,19
0,6.16,0,1,44,26.3,2,23
0,3.23,0,2,19,18.2,0,28
0,0.52,0,0,16,8.2,0,34
1,12.12,1,2,31,11.3,0,11
1,12.0,1,0,56,36.4,2,12
1,15.3,2,2,51,24.7,2,3
0,4.26,0,0,63,28.6,2,26
0,6.96,0,0,10,39.4,1,28
2,39.06,2,2,37,13.0,0,2
0,2.9,0,1,24,41.9,1,27
0,1.29,1,1,17,12.6,0,24
1,6.14,2,0,32,25.5,2,17
0,4.43,1,2,61,30.0,2,11
1,17.93,1,2,70,37.0,2,2
2,34.62,2,1,39,32.0,1,2
1,3.36,0,0,40,19.2,0,23
2,21.35,1,1,35,19.3,0,5
0,4.99,0,2,16,19.1,0,24
1,8.0,0,0,75,34.1,2,16
2,21.25,0,0,21,20.9,0,9
0,1.51,2,0,29,43.2,1,31
2,37.98,1,1,3,42.2,1,3
1,6.12,2,2,43,12.6,0,14
1,15.61,0,0,21,44.7,1,16
2,28.67,2,1,19,17.9,0,3
1,9.21,2,0,31,42.9,1,17
1,5.63,0,2,23,41.3,1,18
0,0.66,0,1,86,36.7,2,19
1,14.63,2,2,9,41.1,1,11
0,1.83,2,2,2,14.4,0,22
0,6.01,1,0,36,28.7,2,21
0,5.35,0,2,27,32.1,2,16
1,7.15,0,0,20,41.1,1,28
2,16.41,0,1,7,8.2,0,9
0,2.57,2,1,43,37.2,2,19
1,4.07,2,0,39,20.5,0,22
0,1.19,1,2,3,9.2,0,27
1,16.37,0,2,82,32.6,2,2
2,39.26,2,2,29,15.9,0,2
0,3.46,2,1,43,17.0,0,27
0,6.43,0,2,25,31.1,1,19
2,25.65,1,1,4,36.1,1,5
0,4.24,1,1,90,25.4,2,19
2,30.18,0,1,63,31.5,2,2
2,39.27,0,2,24,8.9,0,2
0,5.6,2,2,27,37.6,1,14
0,5.31,2,2,45,16.0,0,21
1,9.94,0,2,96,25.4,2,2
1,13.28,0,2,38,18.8,0,14
1,12.9,1,1,36,27.0,2,14
2,16.18,0,0,93,28.1,2,4
2,17.76,2,1,20,12.2,0,11
1,11.74,2,1,39,21.8,0,13
1,8.54,0,1,35,21.6,0,22
1,6.53,0,1,44,16.3,0,18
2,23.37,1,2,27,37.3,1,2
0,5.96,2,1,9,32.9,1,25
2,14.01,0,0,1,10.0,0,20
0,5.74,0,0,83,36.5,2,17
2,17.03,2,1,90,29.9,2,2
0,0.55,0,1,88,35.9,2,14
0,3.17,2,2,34,37.8,1,18
1,11.7,2,1,44,9.1,0,17
2,25.02,2,2,5,36.9,1,2
2,14.19,2,2,94,35.2,2,2
1,11.03,2,0,0,36.0,1,20
2,38.9,1,1,51,33.0,1,2
0,5.37,0,2,97,27.6,2,8
2,34.65,0,2,39,28.5,1,2
1,4.15,0,0,60,27.5,2,13
1,12.06,0,2,37,18.3,0,12
2,19.32,1,1,44,11.3,0,8
0,4.37,1,0,9,19.7,0,37
1,9.6,1,0,46,27.0,2,15
2,16.69,1,0,25,14.7,0,11
1,8.7,2,2,45,13.5,0,8
1,8.73,0,1,20,44.3,1,21
2,29.85,0,0,80,32.5,2,2
1,12.82,1,0,25,35.8,1,18
2,30.81,2,0,49,31.3,2,2
1,3.13,2,0,33,24.2,2,9
0,3.4,2,0,53,34.2,2,24
2,30.38,0,0,52,37.3,2,2
2,14.42,0,2,38,9.8,0,2
2,17.16,0,0,62,30.5,2,2
0,5.5,2,1,44,43.4,1,25
0,2.99,0,1,21,21.9,0,27
1,4.04,1,0,12,38.4,1,25
0,4.49,2,1,6,20.8,0,33
2,14.04,1,0,36,18.2,0,13
1,3.01,0,2,29,33.3,2,10
1,16.57,0,2,36,28.1,1,9
1,14.71,1,1,33,31.6,2,6
0,1.29,1,2,34,43.9,1,19
1,4.36,0,2,93,35.9,2,7
1,12.72,0,1,11,37.4,1,22
1,12.46,2,1,22,14.8,0,18
2,15.92,1,2,12,8.4,0,9
1,7.62,0,2,93,37.5,2,3
1,3.84,0,0,50,40.3,1,18
2,38.32,2,2,55,42.9,1,2
0,6.51,2,2,2,18.3,0,21
2,30.17,0,0,26,26.4,2,4
0,4.47,1,0,53,38.0,1,28
1,3.95,2,2,12,14.0,0,12
2,15.38,2,1,43,37.8,1,10
0,2.68,0,2,7,11.8,0,31
1,11.3,0,2,28,32.1,1,11
2,12.44,2,1,31,9.1,0,9
0,4.74,0,0,61,29.8,2,25
2,29.92,0,0,33,14.3,0,4
0,0.74,0,2,48,34.0,2,16
1,11.37,1,1,12,9.6,0,19
2,36.16,0,2,34,36.6,1,2
0,1.23,1,0,9,17.6,0,36
1,13.05,1,0,2,8.8,0,23
1,3.65,1,2,47,28.9,1,14
2,25.58,0,0,7,9.0,0,13
2,32.92,1,1,20,11.2,0,9
0,2.04,1,0,26,20.2,0,31
1,16.36,2,1,9,11.0,0,21
2,22.46,1,0,29,40.2,1,4
0,5.0,1,0,3,11.9,0,28
0,1.61,1,1,21,31.7,1,27
2,39.16,2,0,54,25.2,2,2
2,25.26,1,0,84,27.9,2,2
0,4.27,0,1,37,44.1,1,20
2,13.12,0,1,30,18.3,0,7
1,9.79,1,2,15,9.2,0,16
0,6.67,2,2,8,34.1,1,19
0,1.55,1,2,29,42.6,1,34
2,24.99,2,0,8,42.9,1,7
1,12.5,2,1,34,29.4,2,14
2,20.3,1,2,17,17.8,0,2
0,6.23,2,0,32,31.2,2,23
2,22.72,1,0,29,16.7,0,10
2,31.86,2,0,51,25.9,2,2
1,12.74,0,2,37,20.2,0,12
0,3.77,1,1,27,32.7,1,22
0,3.66,1,1,33,42.1,1,22
2,22.31,1,1,33,26.6,2,2
1,16.47,0,0,18,44.3,1,22
0,1.48,2,0,13,36.9,1,33
2,39.15,0,1,34,43.8,1,2
2,17.29,2,0,1,42.8,1,14
0,3.18,2,2,21,39.1,1,19
2,24.47,2,2,63,31.9,2,2
1,10.26,0,1,18,18.8,0,22
1,13.68,0,2,18,10.6,0,16
0,5.66,2,2,45,27.3,2,14
0,1.7,1,1,35,40.0,1,27
2,22.44,1,1,34,21.7,0,5
0,6.66,1,1,20,10.2,0,28
2,30.12,2,2,18,36.1,1,2
2,32.4,2,0,81,28.7,2,5
0,1.41,2,1,35,9.6,0,32
0,2.62,1,1,38,17.0,0,28
2,17.48,2,0,5,37.2,1,9
0,3.69,2,1,38,16.5,0,29
0,1.46,2,1,54,35.3,1,24
1,16.11,1,1,5,31.7,1,18
1,7.33,2,1,51,40.4,1,19
1,4.29,0,2,51,28.2,2,5
2,33.17,1,0,36,24.1,2,2
0,4.19,2,1,42,26.8,2,19
1,3.63,1,2,52,33.1,1,9
2,34.15,1,0,9,11.7,0,9
2,30.31,2,1,18,13.8,0,2
0,3.7,0,0,4,38.2,1,33
1,9.54,2,1,58,32.8,2,5
0,4.24,1,2,58,26.3,2,16
0,6.21,0,1,8,34.1,1,30
2,20.17,1,0,40,43.9,1,10
2,33.41,0,2,38,18.5,0,2
2,31.54,1,1,71,25.3,2,2
2,15.83,1,0,18,13.2,0,12
0,3.77,0,0,12,19.1,0,34
2,35.69,2,2,95,33.8,2,2
0,3.62,0,0,19,17.7,0,30
0,5.46,1,2,68,26.4,2,12
0,1.43,0,0,54,28.3,2,29
0,4.99,0,0,50,29.9,1,31
1,3.49,0,0,42,15.2,0,23
0,0.78,1,0,19,39.3,1,32
2,17.17,0,2,22,8.4,0,2
0,2.76,2,1,45,36.0,2,22
2,34.95,2,0,0,15.4,0,7
2,37.25,0,1,34,8.1,0,2
2,31.55,2,1,11,35.5,1,2
0,3.26,0,1,32,31.9,1,33
0,1.38,1,0,71,33.9,2,28
2,21.19,2,0,7,13.4,0,9
2,23.4,1,0,79,26.6,2,2
0,1.67,1,2,43,36.4,1,24
2,16.01,2,0,25,17.7,0,15
0,2.86,2,0,12,12.7,0,26
0,3.74,0,1,99,32.3,2,10
2,30.67,1,1,25,44.8,1,2
1,10.34,0,0,14,38.7,1,22
0,0.84,0,0,33,31.0,2,28
2,20.48,2,1,39,9.3,0,7
0,5.65,2,2,12,33.0,1,15
2,12.49,1,2,29,37.9,2,2
0,6.04,1,1,28,35.8,1,29
1,9.46,2,0,19,40.2,1,23
1,10.36,0,2,95,33.6,2,2
0,2.21,2,0,37,44.5,1,28
2,20.97,2,1,1,38.0,1,11
2,21.56,2,0,37,30.0,2,7
1,12.92,1,1,15,11.3,0,19
2,21.45,0,1,1,15.5,0,12
0,4.19,1,2,26,32.5,1,21
1,7.84,1,2,6,41.7,1,12
0,2.68,2,2,32,19.4,0,18
1,10.45,1,1,4,19.8,0,19
2,13.33,0,1,36,34.8,1,8
0,4.35,2,2,17,8.9,0,25
2,21.72,1,1,4,17.1,0,8
1,6.0,2,2,25,32.3,1,14
2,17.06,1,2,27,32.8,2,2
1,17.07,0,2,59,37.1,2,4
2,32.35,2,1,32,31.3,2,2
0,5.99,2,2,26,33.4,1,18
0,2.24,2,0,18,39.0,1,31
1,5.88,0,0,15,19.2,0,29
1,17.87,1,1,79,33.1,2,7
0,4.78,0,1,11,39.0,1,28
0,0.86,2,1,5,12.4,0,31
1,16.29,1,2,75,37.2,2,3
2,27.99,0,0,32,21.1,0,4
2,18.67,1,1,7,18.8,0,10
1,8.85,1,2,55,37.1,2,7
0,2.15,1,1,37,29.0,1,27
2,20.86,1,2,27,14.6,0,4
0,2.89,1,1,64,24.3,2,21
2,34.37,0,2,31,33.7,2,2
2,38.84,1,1,71,36.6,2,2
2,36.01,0,2,24,8.1,0,7
1,7.46,1,0,10,20.8,0,23
2,34.1,1,2,17,42.7,1,3
1,13.76,2,1,52,29.7,1,7
0,0.93,2,1,78,32.4,2,20
1,12.62,2,0,11,16.8,0,19
2,17.6,0,0,19,33.3,1,13
2,35.71,2,2,43,13.7,0,2
1,5.0,1,1,47,33.6,2,15
0,1.68,0,1,24,44.1,1,22
2,37.85,0,0,41,16.6,0,7
1,15.78,0,1,31,29.6,2,12
1,4.34,2,1,23,10.4,0,20
2,25.84,1,1,53,34.0,2,2
0,3.71,1,1,41,30.0,2,22
1,9.27,2,2,26,19.1,0,12
0,4.51,1,1,15,13.2,0,28
0,6.83,1,0,25,39.7,1,27
2,32.61,1,2,16,29.2,1,2
0,6.61,1,1,30,24.1,2,21
2,39.37,2,1,42,34.3,1,4
2,26.1,0,1,21,20.3,0,7
0,3.95,0,1,43,27.6,2,17
1,16.89,1,2,18,43.3,1,20
1,7.7,2,1,46,28.4,2,17
0,5.69,2,2,31,26.6,2,12
0,3.56,0,0,10,17.9,0,25
1,17.83,0,1,35,36.2,1,18
1,4.85,0,2,5,10.9,0,17
2,36.95,2,1,99,27.0,2,2
0,3.21,2,2,4,11.4,0,20
1,17.72,0,1,40,29.5,2,10
2,12.81,0,1,29,19.6,0,8
1,7.94,2,2,2,17.2,0,10
1,16.6,1,2,97,25.8,2,4
1,4.06,1,0,73,25.3,2,10
1,4.34,0,0,54,31.5,1,17
2,20.36,2,0,27,18.3,0,14
1,8.39,2,2,6,19.6,0,9
1,12.01,1,1,36,34.6,2,11
1,12.46,2,0,5,28.7,1,21
0,1.51,2,2,88,31.4,2,11
2,25.11,2,0,5,43.4,1,10
0,3.9,2,1,18,16.0,0,29
2,15.01,0,0,79,29.8,2,2
1,4.23,1,1,89,24.2,2,9
2,34.01,2,1,25,8.6,0,2
1,14.36,2,2,28,38.6,1,9
1,5.78,1,0,38,11.6,0,21
0,0.59,0,1,41,14.7,0,25
2,28.85,1,2,87,28.2,2,2
2,23.06,2,2,63,25.2,2,2
0,5.8,0,0,44,21.6,0,31
2,24.2,0,2,40,20.0,0,2
2,33.55,0,0,9,36.1,1,11
0,6.77,2,2,30,28.3,1,17
1,7.42,2,0,25,8.7,0,28
2,32.64,1,1,38,40.4,1,2
1,10.29,0,1,37,40.3,1,22
1,10.92,0,2,27,16.1,0,12
2,23.68,0,1,85,25.6,2,2
1,5.42,2,1,12,14.6,0,18
1,11.81,0,2,43,12.7,0,8
2,32.24,1,0,24,44.3,1,4
2,34.29,2,2,51,44.5,1,2
2,25.52,2,0,47,26.8,2,5
2,38.41,1,0,31,33.2,1,6
0,4.9,1,1,11,42.1,1,29
2,24.06,0,0,39,31.9,1,5
1,7.01,1,0,44,35.9,2,15
2,31.78,2,2,28,19.2,0,2
0,5.85,2,2,2,15.1,0,20
0,6.42,2,0,10,18.2,0,32
1,12.71,2,0,21,19.5,0,18
0,5.5,0,1,0,32.2,1,30
2,22.43,0,0,48,35.1,1,5
2,33.09,2,0,33,13.9,0,9
1,14.92,1,1,71,37.2,2,13
1,15.09,0,0,33,25.2,2,12
0,5.43,1,0,42,43.7,1,36
0,6.87,2,0,91,37.6,2,14
2,32.8,2,1,69,24.1,2,2
1,13.5,2,2,28,17.0,0,12
2,21.67,2,1,76,34.9,2,2
1,8.02,0,0,41,31.3,2,14
2,21.54,2,1,45,24.3,2,2
2,35.3,2,1,19,18.2,0,7
0,3.8,1,1,40,24.7,2,21
2,28.03,0,1,0,35.7,1,12
2,30.63,2,2,54,28.9,2,2
1,13.09,2,2,73,31.3,2,2
2,14.74,0,1,45,35.2,1,8
1,9.37,0,0,8,14.7,0,22
2,26.53,1,2,75,36.2,2,2
2,39.9,1,2,44,43.8,1,2
0,3.65,0,2,29,9.8,0,25
2,31.45,2,2,29,14.6,0,2
1,4.66,0,2,23,37.7,1,7
0,2.91,2,0,23,12.2,0,28
0,6.59,2,1,19,20.4,0,29
0,0.51,0,2,35,33.9,1,25
2,37.21,1,2,50,34.4,1,2
2,26.13,2,0,29,18.7,0,10
2,30.61,1,0,77,29.4,2,2
1,17.37,1,2,28,18.3,0,9
2,34.29,0,2,64,31.9,2,2
0,1.75,2,2,39,15.6,0,19
2,37.11,0,1,40,33.2,2,2
2,34.03,0,0,15,42.1,1,10
0,3.11,2,2,2,36.4,1,17
0,3.2,1,1,33,12.4,0,28
0,1.44,2,0,16,41.1,1,34
0,1.6,1,1,66,26.5,2,18
0,6.3,1,0,16,34.4,1,28
0,5.39,0,0,37,11.3,0,27
0,3.52,1,0,26,29.1,1,30
0,6.44,1,2,1,11.8,0,31
0,2.48,2,2,26,14.2,0,19
2,22.45,2,0,10,18.9,0,10
2,34.75,1,0,39,12.0,0,7
0,2.28,0,0,16,42.3,1,30
2,19.88,0,2,45,34.3,2,2
2,23.07,0,1,7,19.6,0,8
1,17.36,0,2,65,36.4,2,2
1,9.79,2,1,56,33.3,2,9
2,15.74,1,0,25,32.5,2,9
0,3.19,0,2,44,17.8,0,23
2,12.87,2,0,81,33.4,2,2
1,8.8,1,2,53,41.1,1,10
1,3.14,1,0,47,28.3,1,20
1,5.87,2,2,52,38.4,1,5
0,2.32,1,1,45,17.9,0,31
0,3.07,0,0,60,32.0,2,19
2,31.11,2,2,97,26.5,2,2
2,15.57,0,2,36,20.0,0,8
1,17.88,0,2,44,17.5,0,8
2,36.73,1,2,25,37.1,2,2
0,2.28,1,1,43,36.8,1,20
1,16.26,1,2,14,8.7,0,18
1,8.02,0,1,36,19.3,0,17
2,38.82,0,2,15,31.3,1,2
2,24.09,0,0,1,38.1,1,13
2,15.02,1,1,15,21.4,0,14
2,29.35,0,0,37,32.8,2,2
2,37.67,0,0,24,12.4,0,9
0,2.46,0,1,40,14.0,0,26
0,0.84,2,0,73,29.6,2,20
2,24.7,2,2,29,19.1,0,2
2,30.23,2,0,43,41.3,1,4
0,4.37,0,0,4,16.3,0,35
0,3.81,2,0,70,29.9,2,22
0,1.33,0,0,37,14.1,0,29
2,36.79,1,1,43,26.1,2,2
1,12.87,0,2,43,24.8,2,9
2,21.63,2,0,12,38.9,1,12
0,5.0,2,1,84,32.4,2,17
1,12.24,2,2,26,33.6,1,12
0,4.65,1,0,44,11.2,0,34
2,32.57,0,0,52,33.6,1,5
0,0.98,0,1,1,15.8,0,30
0,4.6,1,1,23,8.6,0,31
0,1.63,0,1,95,27.4,2,16
0,6.42,0,0,1,42.1,1,35
0,3.47,1,0,23,41.8,1,34
2,36.69,0,2,33,25.7,2,2
0,5.01,0,2,20,38.2,1,22
2,28.45,0,0,93,28.1,2,2
2,39.11,1,0,87,26.9,2,2
0,0.92,1,2,90,29.4,2,16
1,5.68,1,2,45,34.4,1,9
2,25.27,1,2,37,34.8,1,3
0,3.44,0,0,15,13.5,0,32
1,5.36,1,1,72,27.6,2,14
1,6.45,1,2,2,35.9,1,19
2,25.09,1,1,26,34.2,1,3
0,2.23,0,1,4,13.0,0,31
0,4.05,1,2,35,35.0,2,19
0,1.8,1,0,50,33.5,2,24
1,15.68,1,2,49,33.9,2,16
2,12.24,2,2,19,32.8,1,2
1,14.37,1,1,26,30.6,2,7
0,5.2,1,0,13,14.6,0,33
2,32.23,2,2,29,33.8,1,2
1,9.58,2,1,35,8.4,0,21
0,6.63,2,0,0,36.5,1,31
0,5.39,1,1,93,28.2,2,13
2,37.82,0,2,9,21.7,0,6
2,39.44,2,2,13,44.1,1,2
0,3.59,2,1,21,16.0,0,23
0,4.09,0,0,29,35.6,2,28
2,17.57,1,0,24,12.0,0,14
0,3.87,1,0,10,33.6,1,36
1,4.94,1,0,26,14.7,0,31
0,3.31,0,0,45,39.3,1,32
0,4.32,2,2,32,40.2,1,15
0,4.43,1,0,15,36.9,1,32
2,28.13,1,1,47,29.5,1,2
1,8.87,2,2,52,41.8,1,2
0,6.35,1,0,27,14.4,0,33
2,38.48,0,1,55,36.4,2,2
0,2.4,1,2,33,33.8,2,18
1,17.93,1,2,4,18.6,0,13
2,16.62,1,1,13,36.6,1,7
2,22.67,2,2,47,34.8,1,2
0,2.13,1,0,45,20.8,0,29
1,11.23,1,0,15,18.0,0,28
1,15.62,0,1,10,42.3,1,16
0,1.59,2,2,42,41.0,1,15
2,22.03,1,0,13,40.1,1,14
1,15.17,2,0,38,29.5,2,12
1,3.07,1,0,73,34.7,2,17
0,3.24,0,0,0,12.7,0,34
0,1.93,2,2,6,19.2,0,23
0,1.2,0,1,66,28.5,2,18
2,38.16,0,2,25,21.1,0,2
1,9.03,1,0,20,8.2,0,25
0,4.78,1,0,17,17.1,0,32
0,3.75,1,1,38,34.0,2,22
2,28.8,0,1,40,17.7,0,2
2,29.79,0,1,44,12.5,0,2
2,12.49,1,0,37,35.6,1,6
2,18.51,2,2,39,18.6,0,2
0,3.29,1,0,56,32.7,2,26
1,6.07,0,0,2,32.0,1,25
2,36.57,2,1,42,27.9,2,2
2,33.02,1,2,14,42.4,1,2
1,11.09,1,0,42,21.8,0,22
0,2.59,2,1,81,32.8,2,13
0,0.84,1,0,9,21.1,0,36
2,14.19,0,0,84,28.4,2,3
2,16.94,0,0,15,33.2,1,5
0,6.68,1,1,23,13.6,0,24
0,3.78,1,1,47,35.4,1,29
1,15.81,0,1,48,43.4,1,19
1,11.29,2,2,11,11.6,0,8
1,4.08,2,2,8,40.2,1,12
0,0.58,0,0,32,18.2,0,31
1,8.76,1,2,19,38.9,1,16
2,39.79,0,1,7,13.4,0,4
1,10.64,1,2,31,38.8,1,11
1,8.78,2,0,79,34.3,2,12
1,3.42,2,2,43,27.7,2,5
1,6.71,2,0,37,44.2,1,21
0,3.08,2,2,37,44.6,1,16
0,1.58,2,0,27,32.3,1,28
2,32.55,1,2,48,42.9,1,5
2,28.03,0,0,69,35.4,2,2
2,12.18,1,2,10,41.9,1,8
0,3.22,0,0,78,33.2,2,21
1,5.97,0,2,11,15.0,0,16
0,1.71,1,2,3,18.5,0,28
1,4.64,1,2,46,25.1,2,6
0,0.92,1,0,1,38.0,1,29
0,5.39,0,0,0,39.3,1,33
0,5.65,0,0,73,32.4,2,26
1,9.44,1,1,72,33.5,2,8
1,12.98,1,0,24,38.4,1,26
0,3.11,0,1,42,24.4,2,20
0,5.38,2,1,56,29.2,2,16
1,5.82,2,1,66,24.2,2,7
1,13.17,0,2,14,38.3,1,10
0,6.91,1,1,54,39.9,1,25
0,4.45,2,1,45,30.4,1,21
2,25.94,2,0,5,12.2,0,13
2,37.1,2,1,7,14.8,0,4
0,1.19,2,2,45,8.4,0,18
1,13.79,1,1,42,14.7,0,18
0,3.7,2,2,67,36.2,2,8
2,21.61,2,0,73,33.2,2,3
1,4.74,0,0,5,29.9,1,17
1,14.17,2,2,7,16.0,0,13
1,7.66,2,2,37,15.5,0,11
1,14.96,1,1,50,30.1,1,11
0,6.04,1,0,65,26.0,2,19
1,9.84,0,1,61,26.0,2,7
2,20.65,0,2,44,30.1,1,2
2,35.2,2,1,88,28.1,2,2
1,15.72,0,2,14,17.8,0,14
0,3.05,0,1,45,37.9,2,18
2,22.95,1,1,33,40.4,1,4
1,15.84,2,0,75,25.4,2,8
0,4.76,2,1,36,30.3,1,30
2,17.87,1,1,12,18.3,0,15
2,22.54,0,2,27,17.5,0,4
0,6.83,0,0,11,44.1,1,34
1,12.4,2,1,25,11.4,0,21
0,2.47,0,1,38,44.2,1,24
2,33.78,2,2,41,13.3,0,2
2,12.32,2,1,7,29.4,1,6
2,28.04,0,0,98,30.7,2,2
2,17.07,2,0,86,38.0,2,2
0,5.14,0,1,34,10.6,0,25
2,34.89,0,1,92,30.8,2,2
2,39.04,2,0,7,10.5,0,9
2,27.53,2,0,20,9.7,0,13
0,6.03,0,2,2,29.4,1,26
0,6.78,2,1,10,35.2,1,27
1,12.89,0,2,28,30.4,1,12
1,16.66,2,1,70,32.5,2,2
2,17.27,0,0,19,20.0,0,13
0,1.9,0,2,70,27.9,2,14
2,30.19,1,1,10,34.8,1,2
0,6.61,1,2,9,37.1,1,28
2,32.0,2,2,36,17.2,0,2
2,35.0,2,0,20,44.9,1,7
2,15.49,0,0,7,39.6,1,14
1,4.33,0,1,67,34.9,2,13
1,17.69,0,0,14,34.4,1,24
0,5.23,0,0,64,32.2,2,23
1,11.27,2,2,38,29.7,1,5
0,1.67,0,1,51,40.6,1,28
2,15.57,1,1,26,33.6,2,3
2,15.99,0,2,36,18.3,0,9
1,12.13,2,0,83,26.6,2,12
1,7.14,1,2,27,36.9,1,12
0,6.66,1,2,26,18.8,0,17
0,5.24,2,0,5,10.3,0,39
2,30.96,1,0,46,30.3,1,7
1,16.32,2,2,40,29.7,2,2
2,31.67,0,2,47,33.9,1,2
2,29.06,2,2,82,37.5,2,2
2,22.28,0,0,8,15.2,0,8
0,1.61,1,1,7,33.7,1,26
0,2.41,1,1,13,28.0,1,23
2,37.85,2,1,41,15.2,0,8
2,12.16,1,0,29,33.6,1,8
1,16.35,0,0,11,34.8,1,24
0,6.34,0,2,77,25.7,2,13
1,6.75,0,0,85,29.5,2,11
0,6.93,2,1,42,19.8,0,29
0,3.32,0,1,70,36.4,2,18
1,9.32,0,0,21,43.3,1,20
0,6.74,2,0,17,30.0,1,27
2,33.03,2,0,49,43.0,1,5
2,15.68,2,2,6,41.5,1,2
0,4.91,2,0,21,14.0,0,35
2,25.45,2,0,18,36.3,1,10
0,2.12,2,2,7,20.1,0,20
2,17.56,0,2,45,41.3,1,5
2,29.61,0,0,44,27.2,2,5
0,6.94,1,0,9,35.2,1,30
0,2.49,1,1,54,27.1,2,19
1,9.41,1,0,31,28.3,2,16
1,7.8,2,1,3,10.5,0,24
0,2.59,0,2,61,30.6,2,16
0,2.67,1,1,7,29.6,1,28
0,2.65,2,2,23,18.4,0,17
0,4.3,2,1,5,20.4,0,28
0,1.28,2,2,100,37.6,2,11
0,0.99,2,1,34,16.7,0,25
1,11.0,2,1,9,8.6,0,22
1,9.73,2,1,45,30.0,1,19
1,10.86,0,1,32,41.4,1,17
0,0.9,1,0,49,34.4,2,27
1,16.05,1,2,34,26.3,2,7
1,6.1,1,2,0,30.7,1,14
0,6.21,2,2,32,14.4,0,17
1,7.03,0,1,40,26.4,2,9
0,0.75,2,0,9,44.0,1,33
0,3.97,2,0,0,17.1,0,37
2,14.33,2,1,45,43.0,1,6
2,29.53,1,1,0,19.5,0,10
0,2.16,2,1,1,15.5,0,37
2,31.27,0,2,57,36.2,2,2
2,34.87,2,2,14,12.5,0,2
1,13.95,0,1,27,13.2,0,22
1,9.89,0,1,11,10.6,0,16
2,16.56,1,0,11,41.9,1,13
2,16.02,2,0,27,11.4,0,20
0,5.22,2,2,0,16.4,0,17
1,15.4,1,0,41,21.1,0,24
1,3.2,0,2,26,37.4,2,14
0,6.04,2,2,5,31.4,1,15
1,10.18,0,1,15,28.9,1,18
2,15.45,1,2,30,25.4,2,2
1,3.36,0,0,27,13.4,0,28
1,16.83,2,1,43,13.4,0,20
0,1.96,1,0,18,13.0,0,30
2,37.85,1,0,5,43.2,1,7
2,31.02,1,2,9,20.5,0,2
2,21.75,1,2,6,32.6,1,2
1,15.93,2,0,9,18.9,0,23
0,3.4,1,0,50,41.4,1,27
2,16.05,1,2,20,44.9,1,4
0,3.71,1,1,30,39.8,1,22
1,8.75,0,2,35,15.0,0,17
2,35.0,1,2,74,25.2,2,2
2,14.44,2,0,71,24.0,2,2
0,6.72,1,2,7,29.0,1,20
0,5.93,1,1,35,21.6,0,32
1,3.84,0,0,8,9.6,0,26
2,22.41,0,2,44,29.8,1,2
2,36.37,0,1,28,26.1,2,2
0,5.48,2,1,30,18.4,0,29
2,25.17,2,2,46,33.7,1,2
1,16.22,0,0,2,16.5,0,19
0,3.08,2,0,27,17.5,0,35
1,13.64,2,2,27,43.8,1,4
1,17.67,0,2,8,40.6,1,12
1,12.08,0,2,34,35.4,2,8
1,12.63,1,1,73,26.3,2,9
0,1.01,1,0,38,18.9,0,28
1,5.44,0,0,6,29.1,1,20
1,12.58,0,2,2,11.4,0,14
0,4.16,2,2,30,8.6,0,16
0,3.75,1,1,20,40.8,1,34
2,30.89,1,0,67,29.7,2,2
0,3.6,0,2,55,42.5,1,18
1,9.95,0,0,36,37.3,2,16
2,16.51,2,0,89,31.2,2,3
2,38.05,2,2,68,30.3,2,2
2,33.68,1,0,74,27.3,2,2
2,27.87,2,0,31,9.4,0,15
1,4.41,2,0,20,30.9,1,23
1,11.65,0,0,22,29.5,1,23
1,12.75,1,1,8,44.0,1,23
2,36.05,1,0,25,35.0,1,3
1,17.28,1,2,72,25.2,2,2
1,16.16,2,1,43,28.7,1,15
0,1.5,2,2,6,12.1,0,22
0,1.95,2,1,29,17.4,0,27
2,17.05,1,0,6,20.8,0,18
1,7.93,1,0,20,33.8,1,20
2,24.73,1,0,34,30.6,1,7
1,7.8,0,2,2,21.8,0,18
1,3.81,1,1,1,21.3,0,22
2,29.8,1,1,5,30.4,1,6
2,17.99,1,1,58,26.6,2,2
0,6.76,0,1,19,30.8,1,25
1,17.48,2,2,27,13.0,0,10
2,27.71,2,1,38,10.8,0,5
0,5.33,1,2,65,24.2,2,10
1,4.7,0,1,43,34.9,1,16
1,12.58,0,2,37,29.7,1,11
0,5.03,2,0,49,30.8,1,26
0,2.91,2,2,23,8.2,0,22
1,10.49,2,0,83,29.8,2,8
1,16.9,2,1,29,14.0,0,21
0,4.03,2,2,24,12.0,0,17
2,38.26,1,2,37,37.9,2,2
0,4.51,0,2,26,9.5,0,24
2,26.09,0,2,51,28.6,1,2
1,14.65,1,0,35,13.3,0,22
0,6.4,1,1,41,40.0,1,27
2,33.9,1,0,32,32.8,1,8
1,16.5,2,0,26,8.5,0,20
0,5.83,0,1,65,28.7,2,27
0,4.51,2,1,25,19.6,0,26
2,22.93,1,0,47,29.6,2,3
0,3.78,0,2,40,16.1,0,25
1,5.39,2,1,66,26.9,2,13
2,29.31,2,0,34,20.9,0,11
0,5.33,2,1,8,21.8,0,26
0,2.43,0,2,34,19.8,0,20
2,13.45,1,1,35,37.1,2,2
2,37.96,0,0,7,29.8,1,5
1,4.16,1,0,23,20.8,0,25
0,6.73,1,0,4,31.6,1,33
1,16.62,1,1,45,26.5,2,11
2,15.28,2,2,21,21.9,0,2
1,3.08,2,2,91,34.4,2,2
0,3.83,2,0,44,27.0,2,24
1,7.91,0,0,14,9.2,0,24
1,8.23,1,0,35,17.1,0,21
1,10.69,2,1,25,43.7,1,17
2,28.34,1,1,37,12.4,0,7
0,6.24,2,1,27,38.1,1,25
0,1.8,2,1,22,34.4,1,30
2,36.9,0,1,32,11.5,0,2
2,12.84,2,1,11,41.8,1,12
1,4.09,0,1,42,13.2,0,20
0,5.16,1,2,13,14.5,0,27
1,8.78,0,2,38,11.0,0,15
2,28.07,2,2,41,13.9,0,2
1,5.96,1,1,31,15.0,0,23
0,2.62,1,0,74,27.3,2,22
0,5.59,1,0,98,37.8,2,21
1,3.59,0,2,27,25.0,2,9
0,2.29,1,2,48,33.9,1,25
1,7.48,2,0,29,36.4,1,24
2,14.88,0,1,53,24.7,2,2
1,6.4,2,2,5,31.2,1,11
1,16.02,2,0,58,36.4,2,13
1,13.32,0,1,50,41.8,1,14
1,11.75,2,0,7,9.8,0,28
1,4.84,2,1,92,27.4,2,4
1,7.83,2,1,46,36.2,1,20
2,35.4,0,1,56,33.2,2,2
2,14.1,0,2,31,8.8,0,7
1,8.11,0,1,37,18.7,0,18
2,24.71,1,1,44,35.9,2,2
1,10.7,1,1,76,26.6,2,9
1,7.61,1,0,98,33.1,2,14
2,37.03,0,0,11,11.7,0,15
1,8.28,2,2,7,43.8,1,13
0,3.8,1,2,3,35.5,1,26
1,8.74,0,0,79,26.7,2,13
1,10.78,2,2,6,39.6,1,11
2,15.23,0,0,2,16.1,0,16
1,13.74,0,2,75,29.5,2,7
0,3.72,2,2,10,41.4,1,18
2,14.64,1,2,32,20.7,0,7
2,35.87,1,2,44,32.1,1,2
0,6.75,1,1,42,14.6,0,27
1,16.22,0,0,10,39.5,1,23
1,16.1,2,0,30,29.9,1,16
0,5.93,2,2,33,36.6,1,16
0,3.44,1,2,47,34.0,1,15
2,19.1,1,2,29,28.2,1,2
2,15.16,2,2,43,36.8,1,2
2,35.98,0,0,42,44.9,1,4
2,22.06,2,2,47,29.5,1,2
1,16.16,2,0,43,37.3,1,25
2,21.77,0,1,67,29.5,2,2
1,3.62,1,1,33,17.8,0,21
1,4.65,2,1,0,36.5,1,20
2,16.21,0,1,62,32.7,2,2
1,9.81,0,1,13,12.0,0,18
2,20.56,0,0,27,34.0,1,11
0,4.82,1,1,96,26.2,2,14
0,6.97,2,1,12,14.0,0,31
0,5.78,1,1,40,13.4,0,25
1,11.96,0,1,11,37.6,1,17
2,19.0,0,2,26,15.8,0,2
1,11.5,1,0,40,35.8,1,21
1,9.63,0,0,65,31.1,2,18
2,21.92,2,1,29,35.1,1,5
2,33.16,0,1,39,20.7,0,4
0,1.33,2,2,34,43.3,1,18
1,3.09,0,1,91,30.4,2,7
0,5.89,0,0,41,29.8,1,24
2,36.2,1,2,7,40.6,1,2
2,13.48,2,2,51,31.2,2,2
0,6.04,0,2,63,32.8,2,11
2,31.26,0,1,39,24.9,2,2
2,14.9,0,0,1,19.7,0,21
1,7.5,1,0,30,21.8,0,26
2,24.3,1,2,40,30.1,2,2
2,34.92,0,0,42,11.4,0,2
0,2.38,1,1,6,44.3,1,28
1,8.87,1,2,44,41.6,1,6
0,1.28,0,1,24,28.2,1,29
1,16.4,0,2,81,24.6,2,8
1,3.14,2,1,10,34.1,1,16
2,26.7,0,1,90,24.9,2,2
2,32.03,2,1,50,30.4,1,2
2,37.65,1,1,41,14.8,0,6
0,5.54,2,2,92,27.6,2,5
2,21.75,1,2,76,24.9,2,2
0,3.75,0,2,43,14.7,0,24
0,6.35,2,0,11,18.2,0,27
0,1.24,0,2,54,40.7,1,26
1,15.61,1,2,47,28.5,2,4
2,17.48,2,2,31,14.1,0,2
1,5.43,0,0,92,35.3,2,13
2,12.93,2,0,8,20.5,0,20
1,15.97,1,2,68,26.6,2,2
2,35.31,2,1,36,19.6,0,2
2,37.19,1,1,42,35.2,2,2
0,5.59,2,0,19,9.4,0,34
1,11.11,0,0,27,27.1,2,23
1,4.02,1,2,55,30.7,1,9
1,6.62,0,2,91,37.0,2,2
0,4.29,2,2,16,17.1,0,20
0,1.8,1,1,48,29.0,1,26
1,10.4,2,0,36,20.7,0,27
2,38.6,0,1,38,18.4,0,8
1,3.63,0,1,29,31.0,2,11
0,3.6,2,1,50,42.4,1,25
0,4.45,0,0,73,33.5,2,21
2,13.46,0,2,49,34.4,1,5
2,15.3,0,0,39,44.7,1,14
1,9.55,1,0,3,32.0,1,24
1,3.69,2,2,26,36.2,2,6
0,1.32,0,0,11,12.0,0,33
0,3.09,1,0,40,33.2,2,29
0,3.72,1,2,22,20.6,0,27
1,16.03,1,2,15,37.0,1,10
1,10.55,1,2,31,28.9,2,2
1,16.68,1,0,33,11.2,0,24
2,22.43,2,0,9,8.5,0,14
1,15.54,0,0,17,32.7,1,24
1,7.19,1,0,39,13.4,0,25
1,8.69,0,0,42,14.0,0,22
0,4.02,2,1,22,21.1,0,33
1,14.36,1,2,21,18.2,0,12
2,38.0,1,1,32,35.3,2,2
2,23.87,1,2,46,37.7,1,2
2,25.09,1,0,15,30.2,1,16
1,7.44,0,0,98,29.5,2,11
2,30.46,1,1,50,39.1,1,2
1,15.54,2,2,54,31.0,1,3
1,10.0,0,1,22,14.7,0,20
0,6.33,2,0,35,33.3,1,27
0,5.48,1,0,17,32.4,1,29
0,0.82,0,2,39,33.2,2,18
0,4.27,2,2,2,37.4,1,21
1,15.67,1,0,70,31.6,2,18
0,1.21,2,0,32,35.5,1,28
1,9.24,2,1,79,36.3,2,8
0,5.62,0,1,67,37.7,2,20
1,8.52,2,0,18,21.0,0,22
2,17.92,0,0,65,31.2,2,4
2,22.61,2,1,37,8.5,0,3
2,14.2,0,1,34,37.4,2,7
2,23.71,2,2,40,35.9,2,2
2,30.46,0,2,33,35.5,1,2
1,14.99,0,1,23,11.2,0,24
1,6.62,2,0,77,29.1,2,11
1,6.46,2,1,78,27.2,2,11
0,4.88,2,0,42,30.3,1,28
1,9.32,0,0,9,37.8,1,25
2,12.43,0,0,7,35.1,1,15
1,16.04,2,0,27,8.3,0,17
0,6.13,0,0,74,36.7,2,19
2,15.33,0,2,52,43.3,1,3
2,39.84,2,2,2,9.0,0,3
1,15.52,2,1,62,34.6,2,4
2,32.26,0,2,37,20.8,0,2
0,4.88,2,2,29,34.4,1,16
1,11.82,0,2,37,27.3,2,6
2,35.63,2,2,79,28.0,2,2
1,3.63,1,0,13,14.0,0,25
1,5.48,0,1,18,32.7,1,25
1,17.09,0,0,16,44.8,1,20
2,17.79,1,0,32,18.6,0,6
0,4.0,2,0,49,24.1,2,24
0,5.26,1,2,33,30.1,1,21
1,13.59,1,0,40,30.2,2,12
0,1.26,1,2,70,35.3,2,16
2,21.16,0,2,32,12.7,0,2
2,20.81,0,2,29,30.1,2,2
2,35.56,2,1,42,19.7,0,2
2,28.42,0,0,14,17.4,0,6
1,15.21,1,0,46,36.4,1,20
0,1.89,2,2,80,24.9,2,12
2,16.99,2,0,78,33.6,2,2
0,3.95,2,1,11,42.9,1,25
0,3.69,1,2,40,34.7,1,19
0,3.23,0,0,28,33.5,1,33
2,25.01,1,0,20,17.2,0,10
0,3.18,1,1,55,24.4,2,22
1,3.91,2,0,49,33.5,1,19
1,16.69,1,1,17,36.3,1,13
0,2.51,1,2,26,11.1,0,27
2,21.23,0,2,94,24.3,2,2
2,33.85,0,1,21,20.8,0,6
2,22.14,0,2,12,21.8,0,2
2,20.13,1,2,10,20.7,0,5
2,35.67,0,0,33,9.4,0,10
1,7.25,1,0,1,11.2,0,26
1,12.83,2,0,8,41.9,1,20
1,10.57,0,0,45,18.7,0,20
2,32.6,2,0,25,10.7,0,10
2,26.35,1,1,1,33.1,1,6
2,20.15,2,1,5,31.8,1,9
1,7.27,2,1,44,37.1,1,16
1,14.44,2,1,45,29.8,1,14
0,5.51,2,0,28,34.3,1,26
1,4.43,0,2,10,10.9,0,16
1,5.12,2,0,39,19.7,0,17
0,3.18,0,1,47,33.7,1,24
0,4.17,0,1,77,36.2,2,17
2,20.76,1,2,41,32.0,1,3
1,11.32,2,1,35,36.9,2,11
0,5.36,0,0,46,26.8,2,25
0,1.61,0,1,51,36.9,1,28
1,4.76,1,0,18,40.2,1,28
2,29.22,1,2,23,37.6,1,2
2,22.4,0,2,57,30.6,2,2
0,6.98,1,2,42,26.3,2,15
1,10.06,1,0,0,12.4,0,22
0,4.0,0,2,21,9.3,0,22
0,6.24,1,2,69,32.8,2,11
0,4.3,1,1,19,34.2,1,28
2,17.67,2,2,100,26.1,2,2
2,19.36,0,1,6,9.8,0,6
1,12.07,1,2,85,26.9,2,2
0,6.54,0,0,39,10.1,0,34
1,10.68,0,0,28,14.0,0,28
1,14.4,1,1,55,31.8,2,7
1,7.75,1,1,35,36.4,2,15
0,5.12,0,2,53,35.4,1,15
1,16.5,2,0,69,26.5,2,13
1,13.93,1,2,13,38.5,1,18
0,6.57,1,1,0,10.7,0,26
1,11.79,2,0,21,9.3,0,21
0,4.71,2,1,41,14.7,0,28
0,2.28,2,2,3,44.5,1,23
1,10.35,2,2,30,40.7,1,2
2,22.35,2,0,39,20.5,0,13
0,0.86,0,1,40,17.9,0,32
1,17.75,0,2,12,39.1,1,12
2,37.36,1,2,37,18.1,0,2
1,9.05,2,0,32,24.9,2,18
2,24.42,1,0,17,16.5,0,9
2,29.79,2,1,0,12.4,0,7
1,11.49,2,2,29,9.2,0,9
0,1.71,0,2,37,16.8,0,26
0,3.49,0,2,46,44.0,1,21
1,14.21,2,2,8,12.3,0,9
1,9.21,0,2,53,31.2,1,12
0,5.03,0,1,16,29.6,1,25
2,31.24,2,1,46,24.5,2,2
2,27.92,1,0,80,28.9,2,2
0,4.09,1,2,59,25.3,2,10
0,2.2,1,0,7,36.8,1,30
1,11.46,2,1,42,38.0,1,12
0,4.59,1,2,0,10.2,0,24
0,1.56,0,1,34,31.2,1,27
0,4.36,1,2,44,35.4,1,16
1,8.07,2,1,76,28.2,2,12
0,3.27,2,0,17,44.2,1,31
2,39.03,0,1,92,26.8,2,2
2,21.33,0,0,31,37.6,2,4
1,9.91,1,1,42,10.1,0,22
0,1.7,1,1,13,14.1,0,30
2,16.46,1,0,6,36.0,1,12
2,37.56,1,2,42,13.3,0,2
0,5.46,1,0,8,34.8,1,32
1,16.09,1,2,75,31.5,2,2
2,16.99,0,0,55,29.2,2,8
1,11.99,2,0,75,36.8,2,11
0,3.33,0,0,21,34.5,1,30
0,2.52,1,0,43,42.0,1,36
1,13.24,0,0,53,29.8,1,19
0,1.16,1,2,76,35.2,2,17
2,24.73,2,1,87,33.2,2,2
2,20.48,1,1,16,18.4,0,13
1,13.68,2,1,54,37.1,1,17
1,10.98,0,0,24,42.8,1,21
2,26.42,2,1,39,18.2,0,6
1,7.23,1,0,7,42.8,1,23
2,23.92,2,1,43,33.0,1,4
0,2.41,2,1,26,8.2,0,27
2,13.03,0,1,75,27.5,2,3
0,5.22,2,0,40,14.9,0,33
1,16.78,2,2,33,16.0,0,6
0,0.75,0,1,38,44.6,1,22
1,8.07,2,2,40,18.5,0,4
1,17.26,1,0,16,18.1,0,22
1,6.91,0,0,63,32.6,2,13
2,22.48,0,2,30,11.0,0,6
2,30.8,0,1,76,36.7,2,2
2,23.4,1,1,1,18.9,0,9
1,4.46,2,2,14,28.3,1,8
1,7.32,0,0,83,32.2,2,10
1,8.14,1,2,20,12.8,0,14
1,10.48,0,1,93,33.8,2,5
0,4.6,2,2,35,21.8,0,16
0,2.9,0,2,62,34.5,2,12
0,4.56,2,2,36,14.0,0,19
0,3.69,1,2,55,29.3,2,13
0,1.87,0,1,7,16.0,0,30
0,4.08,0,2,22,40.8,1,19
1,12.96,1,2,43,21.4,0,14
2,26.91,1,2,53,36.0,2,2
1,7.33,0,0,34,42.1,1,21
1,16.61,2,0,74,32.1,2,8
0,1.96,2,0,89,38.0,2,22
2,38.47,2,2,20,38.4,1,2
2,32.8,0,1,41,13.5,0,7
2,22.33,0,0,55,32.1,1,2
0,0.92,1,0,1,31.5,1,34
1,12.05,1,0,55,35.2,2,17
0,2.09,2,1,4,8.1,0,30
0,6.14,2,2,30,42.7,1,19
1,13.74,2,2,38,17.1,0,9
2,25.46,2,0,46,29.0,1,9
2,32.07,0,1,32,38.7,1,2
1,5.19,1,0,16,18.6,0,20
2,30.38,0,1,9,43.5,1,3
1,7.95,0,1,44,9.0,0,20
0,4.98,1,1,21,41.4,1,25
2,28.64,1,2,48,30.4,1,2
1,7.37,2,1,45,31.9,2,12
1,13.1,1,2,9,40.6,1,13
1,6.42,1,1,52,32.2,2,10
0,2.87,2,0,32,40.7,1,33
2,16.36,0,1,89,28.4,2,2
1,5.54,1,1,92,30.7,2,4
2,20.66,0,1,14,10.1,0,10
2,17.51,2,0,88,30.4,2,6
2,17.67,2,0,29,29.6,2,3
0,2.26,1,2,34,19.9,0,23
0,2.11,1,2,57,35.2,2,15
0,1.98,2,2,45,14.4,0,22
2,17.32,1,0,33,36.7,2,7
0,1.85,2,1,15,16.2,0,27
2,14.05,0,1,86,25.6,2,2
0,4.03,1,0,13,16.4,0,34
1,14.66,0,2,12,38.0,1,14
2,19.05,2,1,26,16.4,0,7
2,38.64,1,2,19,32.5,1,2
2,30.98,0,1,32,33.2,1,2
0,6.31,1,0,32,36.0,1,32
0,4.87,0,0,6,43.7,1,28
2,33.36,0,0,13,12.3,0,12
1,4.54,1,2,19,43.8,1,16
1,14.79,0,0,54,30.7,1,21
2,39.47,0,1,78,34.9,2,2
1,7.59,1,1,22,19.6,0,27
1,11.45,1,1,48,35.1,1,15
1,17.62,1,2,17,8.3,0,11
2,32.07,0,0,62,35.7,2,3
1,14.09,1,2,52,32.6,2,6
1,6.65,1,0,20,18.1,0,28
0,6.74,2,1,87,27.5,2,14
2,14.84,2,1,40,12.8,0,5
1,16.21,0,1,4,12.5,0,19
2,28.51,1,0,36,10.8,0,11
2,27.59,2,2,52,33.0,1,2
0,5.12,0,0,65,37.4,2,19
2,25.11,0,0,29,34.2,1,13
0,2.16,2,2,47,43.9,1,18
1,15.48,1,1,3,20.8,0,23
2,24.24,1,0,29,37.4,2,7
2,21.35,1,1,33,34.3,2,2
2,26.89,0,2,32,19.8,0,8
2,33.48,2,0,27,19.4,0,12
1,12.76,1,2,4,10.5,0,13
2,23.24,2,1,18,8.1,0,7
1,7.84,0,0,9,11.6,0,26
1,12.98,2,1,98,37.0,2,9
2,33.64,2,0,13,12.3,0,13
0,6.71,0,2,20,42.8,1,25
0,2.47,2,0,27,21.9,0,33
1,4.85,0,0,24,28.4,1,29
2,13.38,2,0,28,34.8,1,13
0,6.44,0,0,91,25.7,2,22
0,4.43,0,1,65,29.8,2,19
2,26.24,1,1,29,28.3,1,6
1,8.32,1,1,19,19.7,0,15
1,12.76,0,2,24,20.3,0,17
0,6.33,1,2,30,26.0,2,17
0,5.02,2,0,2,8.9,0,38
0,2.92,2,2,26,42.0,1,16
2,17.09,0,2,39,35.0,2,2
0,3.12,1,0,23,43.5,1,31
0,0.72,1,0,55,30.5,1,31
1,14.44,0,2,46,36.9,1,10
0,1.23,0,1,30,14.5,0,29
1,15.85,2,1,40,8.0,0,10
1,11.1,0,1,37,30.7,2,12
2,18.14,2,0,8,19.3,0,17
2,19.9,0,2,39,29.8,1,5
0,4.79,1,0,67,33.9,2,18
2,21.18,2,1,23,17.3,0,9
2,37.37,2,0,74,32.8,2,2
0,5.93,0,2,15,10.3,0,17
1,10.26,0,2,22,31.2,1,19
1,12.32,1,0,34,35.5,1,14
2,37.87,1,2,68,38.0,2,2
1,4.45,2,1,68,34.7,2,13
1,12.63,0,1,34,30.1,1,16
0,2.42,0,2,69,28.3,2,18
1,5.74,2,0,90,26.7,2,13
0,2.8,0,2,44,31.9,2,15
2,22.15,2,0,54,33.7,2,5
0,4.63,0,2,39,11.2,0,23
2,23.87,0,2,50,27.9,2,2
1,16.41,1,2,29,33.5,1,9
2,19.04,1,0,35,17.4,0,13
2,15.93,0,0,30,42.0,1,16
0,3.22,1,0,100,26.7,2,20
1,13.89,0,1,37,21.2,0,16
0,4.87,0,1,20,8.2,0,31
0,2.01,2,2,28,33.1,1,19
0,3.45,2,2,34,36.3,2,13
1,4.69,0,1,29,35.2,1,13
0,5.43,2,2,14,36.9,1,22
2,25.85,1,0,80,29.9,2,2
2,32.51,0,1,57,33.0,2,2
1,4.52,1,0,31,11.4,0,28
1,12.98,0,2,6,45.0,1,16
2,26.53,2,1,73,24.6,2,2
0,4.24,2,2,7,21.5,0,22
2,32.11,2,1,2,33.9,1,10
1,3.56,1,2,76,35.4,2,2
2,17.06,0,0,67,25.4,2,2
1,15.74,0,2,16,34.1,1,11
0,2.61,1,1,44,21.9,0,24
1,14.56,0,0,95,33.1,2,9
0,2.79,1,0,34,40.6,1,25
0,6.44,1,1,5,17.0,0,29
0,6.06,1,0,31,34.0,1,33
1,7.84,1,0,7,10.7,0,24
2,27.07,2,1,75,32.7,2,2
0,5.13,0,0,42,13.7,0,30
2,37.8,1,1,6,19.8,0,11
2,39.18,1,2,66,38.0,2,2
2,12.74,0,2,14,42.2,1,6
0,4.71,0,0,13,30.5,1,29
2,27.58,1,1,36,31.3,1,11
0,4.58,2,2,24,40.7,1,15
1,16.5,1,1,15,33.4,1,8
1,7.82,0,2,44,11.5,0,12
2,20.78,2,1,54,34.1,2,2
2,34.99,2,2,53,30.5,2,2
2,24.21,1,1,46,24.3,2,2
1,16.44,2,2,30,20.1,0,11
0,2.14,2,1,28,34.0,2,26
1,17.79,1,2,13,17.3,0,13
1,14.98,1,0,90,37.2,2,14
0,2.54,2,2,25,37.6,2,19
2,13.78,0,0,77,34.2,2,4
2,33.66,0,0,47,35.7,2,8
2,14.64,0,1,25,16.0,0,11
2,31.5,1,1,8,42.4,1,6
0,3.75,2,1,11,32.4,1,30
0,4.61,0,1,68,30.3,2,20
2,31.12,0,2,6,10.4,0,5
2,22.77,0,0,1,41.6,1,10
0,4.54,0,0,48,31.5,2,23
1,12.0,0,2,36,10.5,0,8
0,0.7,2,0,2,43.9,1,36
0,2.77,1,1,11,16.3,0,31
0,6.48,2,0,83,37.0,2,21
2,30.72,1,1,4,12.7,0,6
1,8.37,0,1,30,19.4,0,21
2,35.74,2,2,5,17.3,0,2
2,23.04,2,2,94,33.0,2,2
1,14.45,1,0,18,44.1,1,18
0,1.18,1,0,35,36.2,1,32
1,14.56,1,1,44,28.9,1,15
0,6.35,1,2,94,26.4,2,9
1,3.42,2,0,63,29.4,2,13
2,26.67,1,2,47,31.1,2,2
2,14.76,2,0,11,20.5,0,15
0,4.66,1,0,26,24.6,2,25
1,16.86,0,2,0,20.7,0,12
1,8.58,0,1,25,8.6,0,14
0,4.85,2,0,79,33.5,2,19
1,16.71,0,2,77,33.7,2,2
1,15.64,1,1,12,41.9,1,13
2,31.49,2,1,28,9.8,0,6
2,15.2,0,0,45,36.6,2,4
1,17.33,0,2,45,43.8,1,9
1,7.27,1,2,36,32.4,1,13
0,1.81,0,2,33,44.9,1,19
1,6.43,1,0,24,10.6,0,24
0,3.35,1,2,9,35.5,1,19
0,5.5,2,2,20,8.6,0,21
1,6.01,0,1,41,29.0,1,17
1,3.95,0,1,48,32.8,2,10
0,4.41,1,0,18,15.8,0,37
0,1.22,2,1,4,13.7,0,27
0,0.75,2,1,6,39.6,1,28
0,0.88,1,0,74,34.8,2,24
2,14.07,0,2,85,37.1,2,2
2,29.25,1,1,82,36.7,2,2
1,10.19,1,2,9,35.7,1,18
1,12.56,0,0,11,44.4,1,20
0,3.31,1,2,19,10.0,0,27
1,15.78,1,2,76,25.8,2,2
1,14.0,1,1,28,44.2,1,14
1,12.98,1,1,8,40.3,1,19
0,4.79,2,0,71,36.6,2,24
2,20.59,1,1,75,26.0,2,2
1,5.99,2,1,21,15.7,0,23
0,3.31,2,1,81,24.3,2,18
0,4.16,1,2,44,33.0,2,20
2,20.86,0,0,15,42.8,1,16
1,14.03,2,2,29,33.5,2,8
0,6.48,0,0,3,12.6,0,40
1,17.37,0,2,19,19.8,0,17
1,16.57,2,1,82,30.7,2,5
0,1.56,2,0,7,15.5,0,33
2,27.46,1,0,85,33.8,2,2
0,6.41,0,2,6,18.6,0,32
0,3.6,1,1,49,28.3,1,22
1,9.71,2,2,1,21.6,0,7
2,39.66,2,1,23,29.2,1,3
1,5.96,0,0,66,28.1,2,16
0,0.6,1,2,37,35.1,1,25
0,6.38,2,1,28,30.9,2,27
0,5.05,0,2,16,14.3,0,24
2,14.25,2,1,95,24.4,2,2
2,12.54,0,2,73,26.8,2,2
2,22.5,2,1,71,35.2,2,2
1,4.99,1,2,22,40.2,1,11
1,4.27,0,1,65,36.1,2,9
0,2.08,0,0,11,13.2,0,37
0,0.59,0,0,68,36.2,2,27
2,29.53,0,0,83,32.8,2,2
2,15.88,0,0,35,26.6,2,10
2,34.16,0,0,14,31.6,1,7
2,34.89,2,0,45,44.8,1,2
2,20.07,2,0,43,38.1,1,11
2,39.28,0,0,16,10.0,0,6
2,15.47,2,0,34,26.6,2,10
0,5.93,0,1,62,32.4,2,14
2,23.94,2,1,22,18.3,0,4
2,13.81,1,1,4,14.9,0,11
2,14.24,0,2,48,43.3,1,2
2,33.6,0,1,71,33.8,2,2
2,19.35,2,0,65,30.3,2,2
1,11.19,1,1,47,31.2,1,11
2,21.88,0,0,84,36.3,2,2
1,5.29,1,1,47,40.8,1,21
1,8.72,0,0,55,38.7,1,18
2,38.49,0,0,52,25.3,2,2
1,8.06,1,0,1,36.5,1,27
2,25.62,1,0,31,14.1,0,15
0,2.8,1,2,6,8.9,0,25
1,17.15,0,0,52,29.8,2,16
0,2.7,1,2,19,17.6,0,24
0,5.21,2,1,51,39.7,1,24
0,0.91,1,2,28,34.3,1,23
2,37.64,0,1,85,35.0,2,2
2,31.55,1,2,8,44.4,1,2
0,2.04,2,2,56,30.8,2,7
1,16.21,0,1,74,34.5,2,6
1,6.99,1,2,82,29.5,2,3
0,2.86,1,2,3,14.6,0,27
1,5.19,2,1,59,37.4,2,11
1,6.0,1,2,49,37.4,2,6
2,26.66,0,2,32,12.0,0,2
1,7.47,1,2,13,10.0,0,21
1,14.64,0,1,9,35.6,1,18
1,9.66,2,0,65,25.5,2,13
2,16.56,2,1,8,33.5,1,11
0,4.09,0,0,23,30.4,1,32
0,2.61,2,1,47,28.6,2,18
0,4.18,2,1,36,28.7,1,21
2,37.95,0,1,8,10.1,0,5
2,14.57,0,2,23,21.6,0,4
0,0.9,1,1,78,33.0,2,21
1,15.34,2,0,51,30.3,2,18
1,12.67,0,0,35,8.3,0,26
2,13.19,2,0,14,40.9,1,20
0,3.02,2,1,40,39.4,1,23
0,0.65,2,1,45,39.9,1,25
2,28.32,0,0,0,12.9,0,13
0,6.34,2,1,46,29.6,2,20
2,19.44,2,2,23,36.7,1,2
0,2.67,0,2,20,43.3,1,20
1,17.52,0,1,90,34.8,2,7
0,3.02,0,0,6,18.4,0,36
2,35.32,2,2,43,31.6,1,2
2,13.52,1,1,40,31.9,1,11
0,0.58,2,0,53,31.1,1,25
1,8.83,0,1,66,30.4,2,5
1,7.28,1,2,56,25.1,2,10
0,0.83,0,0,26,37.3,2,30
1,4.46,2,2,23,11.0,0,11
0,0.99,1,2,26,39.1,1,23
0,3.47,1,0,51,43.5,1,29
0,5.65,2,2,85,26.4,2,11
1,7.1,2,2,27,33.8,2,8
1,5.3,0,2,33,29.6,2,9
1,17.59,1,1,36,20.6,0,17
2,19.88,0,1,86,26.8,2,2
0,5.77,0,2,41,28.8,1,25
2,25.68,1,2,54,34.0,2,2
0,5.83,2,1,34,30.8,1,23
2,27.14,1,2,66,34.3,2,2
1,14.51,1,1,9,41.8,1,19
1,8.4,2,2,27,29.5,1,8
1,14.31,2,1,55,39.6,1,15
0,1.44,1,2,68,31.6,2,16
2,23.1,0,0,78,36.3,2,2
2,14.91,2,0,25,27.6,2,2
2,34.06,0,2,87,25.6,2,2
2,26.65,1,2,52,34.7,1,2
2,30.03,0,0,44,35.7,2,2
0,5.7,2,0,88,26.0,2,26
0,4.02,1,1,6,21.3,0,34
0,2.42,0,0,13,10.6,0,34
1,17.17,1,0,42,34.9,1,16
2,22.86,2,1,13,33.2,1,2
2,31.02,2,2,2,15.0,0,2
1,10.1,0,1,74,34.5,2,8
2,25.73,2,1,28,29.3,2,2
1,11.16,0,1,5,32.2,1,21
0,2.69,1,1,85,24.5,2,13
1,6.25,2,2,26,29.6,1,7
2,13.93,0,2,11,35.9,1,2
2,30.3,2,1,31,27.5,2,2
0,0.76,1,1,38,12.6,0,30
0,1.79,2,0,31,11.5,0,29
2,20.46,0,1,14,12.8,0,13
2,31.99,2,1,44,21.3,0,5
0,0.65,2,2,88,29.1,2,9
2,26.7,1,0,72,32.9,2,3
1,9.33,1,2,33,25.2,2,10
2,26.2,1,1,15,43.4,1,7
0,4.82,0,2,28,17.2,0,23
2,25.38,1,2,50,39.2,1,2
0,2.45,0,0,44,13.5,0,30
1,4.69,0,2,42,11.7,0,12
0,5.71,1,0,12,39.3,1,31
1,5.59,1,0,35,16.9,0,18
0,1.45,2,0,33,30.7,2,25
0,4.58,2,0,26,19.8,0,31
1,3.64,1,0,20,41.3,1,25
0,6.55,0,2,75,30.3,2,14
0,6.28,1,2,45,27.4,2,14
2,24.12,1,1,1,13.8,0,6
0,2.3,2,0,17,35.9,1,30
1,7.91,1,2,64,36.0,2,2
2,37.86,2,2,98,25.9,2,2
1,17.63,0,2,34,36.8,1,9
1,10.7,1,1,65,37.0,2,7
1,8.23,0,2,19,10.7,0,14
1,13.05,1,2,12,41.1,1,17
0,4.97,2,1,23,18.0,0,27
1,4.76,2,2,18,16.9,0,11
0,1.69,2,2,41,41.8,1,14
2,27.05,1,2,9,32.3,1,4
0,5.79,1,0,25,28.1,1,33
1,15.32,1,2,90,31.9,2,8
0,4.58,1,0,31,38.1,1,27
0,2.85,0,0,3,8.6,0,35
0,3.98,1,0,41,35.0,2,29
0,0.89,0,2,39,28.7,2,16
2,24.03,2,1,14,31.7,1,3
2,12.64,1,0,37,12.4,0,10
0,4.02,0,1,1,21.4,0,35
1,6.69,1,0,26,11.1,0,26
1,16.76,2,0,17,9.5,0,22
2,17.97,2,1,6,42.4,1,11
1,5.26,2,1,24,42.5,1,18
1,9.55,0,2,33,33.8,1,12
0,3.02,1,2,81,32.5,2,10
2,16.71,2,2,25,31.5,1,2
1,6.73,1,1,18,43.3,1,14
0,4.7,2,2,4,14.3,0,26
0,2.84,1,2,1,36.3,1,24
0,1.99,1,1,23,43.5,1,21
1,6.29,1,0,37,17.0,0,18
0,5.44,1,1,5,17.9,0,27
0,4.09,0,2,57,25.1,2,18
1,16.07,0,1,11,31.9,1,16
1,6.48,0,2,5,16.7,0,13
2,25.17,0,1,79,36.5,2,2
0,5.13,0,0,33,34.8,2,25
2,33.3,0,1,47,26.1,2,2
0,6.06,0,0,49,32.6,1,29
0,0.81,1,0,9,19.9,0,32
0,5.59,2,1,84,27.4,2,17
0,5.4,0,2,33,37.8,2,19
0,3.94,0,1,31,39.5,1,23
1,17.15,2,1,70,35.0,2,9
2,33.05,2,2,33,43.9,1,2
0,4.4,0,0,23,19.8,0,38
0,2.94,2,1,23,28.4,1,22
0,3.42,1,2,37,19.1,0,24
2,23.1,0,2,9,28.3,1,4
1,9.98,1,1,51,30.5,2,14
1,16.46,0,0,6,12.1,0,26
1,11.97,2,1,22,19.5,0,20
2,13.9,1,0,21,31.3,1,14
0,4.15,0,2,32,24.3,2,17
0,0.66,2,2,25,33.7,1,16
1,15.02,1,1,37,9.7,0,15
1,3.54,1,1,95,34.2,2,7
0,5.14,1,1,59,26.0,2,18
0,2.29,0,2,14,28.7,1,22
0,3.21,1,2,9,14.0,0,33
2,39.75,1,0,10,20.0,0,9
0,6.51,0,1,31,9.6,0,31
2,32.38,1,1,72,35.9,2,2
2,29.68,2,2,20,37.0,1,2
2,26.56,2,2,60,35.3,2,2
0,2.63,1,1,32,33.1,1,24
2,20.41,1,0,57,25.5,2,4
0,6.52,0,1,44,15.6,0,28
1,9.29,1,2,21,33.1,1,14
2,24.2,0,1,27,10.2,0,11
1,4.77,0,1,15,36.3,1,26
1,9.45,2,0,15,32.9,1,22
2,28.74,0,1,37,13.3,0,6
2,24.0,0,0,36,37.1,2,5
2,12.06,2,0,11,8.5,0,14
2,30.65,2,2,5,28.7,1,2
1,17.94,1,0,5,21.8,0,19
0,1.2,0,1,37,33.0,1,22
2,15.88,0,2,29,38.3,1,3
2,28.98,2,0,44,32.8,1,11
1,13.42,1,2,28,13.0,0,11
2,34.24,1,1,19,17.3,0,5
0,5.07,0,1,2,9.1,0,29
0,5.2,1,0,18,18.8,0,32
2,32.12,1,2,27,13.7,0,5
2,20.47,2,2,51,36.5,2,2
2,22.94,0,1,22,8.9,0,14
1,9.95,1,0,25,41.3,1,22
1,14.18,1,0,45,35.2,1,15
2,36.34,2,0,10,21.4,0,16
1,5.22,0,1,8,32.1,1,14
0,0.75,2,0,0,38.7,1,29
2,21.44,1,2,6,36.2,1,6
0,4.78,0,1,89,27.8,2,13
1,16.9,2,2,50,30.1,2,5
1,7.35,2,2,83,24.6,2,2
1,12.41,0,1,33,30.6,2,17
2,35.37,2,0,14,35.6,1,3
1,13.03,2,0,37,11.6,0,21
0,3.08,0,1,27,8.7,0,32
0,6.61,1,2,27,31.0,2,23
2,13.43,1,2,99,27.0,2,2
2,35.95,2,1,24,15.9,0,3
0,1.02,0,2,41,32.2,1,25
1,16.97,0,0,16,10.4,0,22
0,1.57,1,0,37,34.7,2,28
1,11.23,1,2,33,25.1,2,9
0,6.77,0,0,7,41.0,1,33
1,9.98,0,2,40,30.7,2,4
1,8.82,0,1,12,15.6,0,17
1,15.07,2,0,36,37.9,2,16
2,25.4,2,2,40,12.9,0,2
1,15.11,1,1,25,11.0,0,19
2,39.33,2,2,14,19.7,0,2
1,7.83,2,1,23,31.4,1,21
0,6.92,2,1,23,17.1,0,29
1,15.93,2,0,5,30.3,1,25
0,3.71,2,0,35,40.3,1,32
1,14.79,0,2,40,12.4,0,10
1,17.09,0,0,42,21.5,0,25
0,7.0,2,1,17,33.8,1,26
2,20.63,1,0,19,34.9,1,12
0,5.13,1,1,8,21.0,0,25
1,14.52,0,0,20,43.1,1,17
0,5.7,2,0,54,24.7,2,21
2,38.19,0,2,94,28.2,2,2
2,37.07,2,1,2,12.4,0,7
1,5.05,1,2,6,21.3,0,17
2,13.19,0,0,51,34.1,1,7
2,21.35,2,0,11,17.1,0,13
2,34.74,2,0,85,27.1,2,2
2,12.15,2,0,33,42.9,1,10
2,27.33,2,0,3,35.3,1,9
2,23.33,1,1,37,13.8,0,5
2,29.26,1,1,7,17.9,0,8
0,1.74,0,1,57,33.7,2,24
2,15.36,0,2,56,25.9,2,7
2,31.15,0,2,8,21.5,0,6
1,12.78,0,2,45,9.6,0,11
1,5.2,0,1,41,19.0,0,16
1,12.89,1,1,43,32.7,1,11
0,1.72,0,1,42,42.6,1,20
2,38.58,0,1,27,28.8,1,5
0,3.91,0,2,13,35.0,1,24
1,5.66,0,1,49,28.2,1,17
2,30.04,1,1,28,31.4,1,2
1,5.41,1,1,14,35.4,1,23
2,39.62,1,1,35,15.1,0,6
0,2.91,0,1,57,33.7,2,19
1,3.94,2,1,6,11.4,0,27
1,16.97,1,0,98,35.2,2,6
1,17.38,2,0,20,18.8,0,21
2,12.04,1,2,12,31.2,1,5
1,11.79,1,2,40,34.8,1,6
2,14.69,2,2,30,38.6,1,2
1,10.99,1,1,31,11.2,0,16
2,14.89,0,2,8,11.2,0,9
1,4.54,2,2,35,14.2,0,9
0,1.92,0,2,6,8.5,0,31
0,6.28,1,2,51,25.3,2,16
0,5.74,2,0,38,15.5,0,27
0,4.02,1,2,42,40.9,1,17
2,34.28,0,1,21,9.4,0,3
2,31.5,1,0,22,40.8,1,8
2,32.69,2,0,40,16.0,0,7
0,5.26,0,2,12,19.6,0,24
0,0.9,0,1,28,31.8,1,28
2,33.18,0,1,63,35.7,2,2
1,15.5,0,2,10,14.6,0,18
2,15.04,0,2,48,30.7,1,2
0,3.33,0,1,44,19.4,0,26
2,37.17,2,2,99,37.8,2,2
1,12.91,0,2,52,37.4,2,2
1,12.09,1,1,46,41.6,1,16
0,2.94,0,1,34,35.9,1,29
2,32.64,0,0,34,21.3,0,11
0,6.41,2,1,37,40.1,1,25
0,2.06,2,0,3,15.1,0,34
2,27.09,2,0,5,12.7,0,10
1,3.66,2,0,31,19.9,0,23
0,4.64,0,0,91,26.1,2,17
2,33.28,2,0,83,26.3,2,2
1,14.48,1,0,1,18.9,0,22
2,16.62,0,0,47,41.7,1,4
2,17.33,0,0,37,30.1,2,9
0,0.67,2,2,44,37.8,2,10
1,14.92,1,2,32,17.0,0,13
0,4.84,2,0,94,30.7,2,17
1,5.64,2,0,18,15.0,0,25
1,10.01,0,2,2,38.2,1,13
0,2.96,2,1,40,12.8,0,25
2,27.76,0,1,15,35.0,1,8
1,8.54,2,0,3,34.2,1,26
1,13.71,2,0,85,24.7,2,5
0,6.06,0,1,96,30.4,2,8
2,15.52,2,2,3,11.7,0,11
0,5.93,0,1,7,43.1,1,32
1,17.43,2,2,41,31.0,1,2
1,5.91,1,0,49,31.4,2,18
0,5.03,2,0,39,17.5,0,32
2,30.07,0,2,64,29.7,2,2
1,13.83,2,0,54,37.0,1,19
0,1.03,0,1,55,28.7,1,19
2,38.49,1,0,23,40.9,1,11
0,5.19,0,1,23,12.8,0,27
2,25.16,0,2,19,13.8,0,2
1,17.4,1,2,92,31.1,2,5
2,27.57,0,1,32,15.3,0,3
1,9.99,1,2,44,8.9,0,13
2,18.69,2,0,13,31.6,1,11
1,11.81,0,2,45,30.1,1,10
0,4.4,0,0,92,30.5,2,14
0,6.84,2,0,55,32.3,2,21
0,2.6,0,1,53,24.5,2,19
1,17.34,0,2,39,18.7,0,4
1,15.88,0,1,95,34.1,2,5
2,17.84,0,0,1,22.0,0,17
1,15.56,0,2,33,20.9,0,13
0,3.57,2,1,44,36.5,1,24
2,37.67,0,2,39,39.6,1,2
1,5.01,1,2,3,29.3,1,12
2,15.05,2,2,18,31.8,1,2
1,15.57,2,1,37,30.4,1,16
2,28.86,0,0,43,25.0,2,2
1,9.27,1,1,5,32.3,1,24
2,27.01,1,0,30,35.6,2,5
2,25.79,0,1,25,14.0,0,12
2,32.9,2,0,27,18.9,0,8
0,3.88,0,0,13,13.1,0,30
0,3.46,1,0,66,37.2,2,25
0,2.15,0,0,21,13.0,0,35
0,3.66,1,2,31,13.9,0,21
2,17.9,2,0,92,35.6,2,2
0,0.53,0,1,92,37.8,2,24
0,3.6,1,1,42,20.8,0,27
1,12.68,0,0,39,18.1,0,17
0,3.43,0,2,44,28.3,1,22
2,34.49,2,2,18,16.0,0,2
0,4.29,2,1,10,34.8,1,25
2,34.63,1,2,62,35.6,2,2
2,32.43,2,2,83,25.3,2,2
1,17.28,2,1,56,26.1,2,8
2,33.62,0,1,19,16.0,0,7
0,5.95,0,0,14,12.1,0,27
0,4.14,1,1,32,29.7,2,19
1,4.77,0,1,78,37.6,2,2
0,5.37,2,1,19,15.9,0,31
2,30.55,0,1,71,33.1,2,2
2,33.2,0,2,61,35.6,2,2
2,27.86,0,0,80,28.8,2,2
2,33.37,0,1,94,33.5,2,2
2,21.65,1,2,40,29.2,1,2
0,5.76,0,2,6,39.4,1,23
0,2.69,2,1,40,27.5,2,20
0,1.47,1,1,100,35.1,2,14
2,25.4,0,0,14,8.0,0,16
2,22.94,2,1,74,24.9,2,2
1,4.22,2,0,12,19.4,0,28
1,8.63,0,0,3,16.6,0,25
2,13.52,0,2,26,41.2,1,6
2,38.58,2,0,77,32.8,2,2
2,37.08,1,1,28,14.2,0,5
1,13.71,1,0,28,20.4,0,21
1,5.06,2,0,27,31.8,2,13
0,4.57,2,1,85,36.9,2,24
2,33.54,2,2,16,8.3,0,2
2,13.88,2,2,12,31.4,1,2
0,6.55,1,1,50,28.8,2,20
1,16.91,0,1,84,24.1,2,9
0,4.42,2,0,0,13.3,0,30
0,6.87,1,0,65,25.9,2,18
1,6.27,1,0,4,20.5,0,26
2,28.59,1,1,46,44.3,1,4
0,0.78,1,1,37,30.0,2,20
1,6.07,0,0,16,42.1,1,20
0,4.84,1,2,10,43.6,1,26
0,1.1,0,0,87,36.5,2,16
0,3.88,2,0,26,30.9,1,27
2,33.96,1,2,43,38.3,1,2
0,6.01,2,0,11,15.6,0,37
1,6.43,1,0,48,35.6,1,19
2,29.83,2,2,76,33.5,2,2
0,0.9,1,1,88,27.3,2,13
0,2.94,0,1,9,9.2,0,33
0,2.77,0,0,45,25.2,2,20
1,17.83,0,1,38,33.6,2,14
1,4.09,2,0,47,25.0,2,14
1,11.36,1,2,34,18.8,0,13
1,12.13,0,1,61,35.0,2,14
0,6.68,0,1,44,18.2,0,20
2,28.75,2,1,57,31.1,2,2
2,26.34,1,2,33,33.1,2,2
1,11.19,1,1,83,37.5,2,7
2,37.86,1,0,15,43.2,1,6
1,5.94,1,1,49,44.5,1,18
1,17.45,1,1,4,18.1,0,26
2,26.9,1,1,74,31.6,2,2
1,15.68,2,1,41,28.5,2,7
2,13.07,0,1,93,28.5,2,2
0,2.9,2,2,44,11.8,0,17
0,2.98,2,1,39,33.6,1,25
2,37.19,0,0,11,41.2,1,8
1,5.74,1,1,33,34.7,1,16
1,12.57,2,1,40,21.3,0,16
2,35.71,2,2,75,35.6,2,2
2,23.34,2,0,16,29.4,1,18
2,33.32,1,0,86,26.5,2,2
2,18.21,0,1,53,28.8,2,2
2,18.26,2,1,32,9.5,0,8
0,2.21,2,1,74,37.3,2,15
2,20.97,1,0,87,34.8,2,2
0,4.55,0,1,90,35.5,2,18
0,3.65,0,1,31,26.8,2,23
0,5.95,1,0,13,13.5,0,31
0,1.2,1,1,52,33.6,1,28
1,10.14,2,0,54,44.2,1,21
0,6.04,0,1,2,28.3,1,23
0,2.34,2,2,5,8.5,0,17
1,12.24,0,1,7,39.8,1,14
2,12.19,2,0,23,30.2,1,12
2,23.26,2,2,8,43.9,1,2
1,15.96,1,0,37,36.6,1,16
1,7.48,2,1,10,30.3,1,18
2,29.7,2,1,100,29.9,2,2
1,7.32,1,2,89,25.8,2,10
0,0.67,2,1,54,28.1,1,23
0,2.92,0,0,14,38.0,1,33
0,5.7,0,2,20,9.0,0,24
0,0.72,1,1,13,38.8,1,24
2,19.96,0,1,33,36.9,1,8
1,17.93,1,2,87,26.0,2,5
0,5.63,1,1,62,33.0,2,17
0,2.88,2,0,32,21.8,0,30
1,6.28,0,0,47,33.9,2,9
0,5.94,2,0,8,10.8,0,37
0,1.1,2,1,73,34.3,2,23
0,2.21,2,0,10,31.5,1,30
2,26.52,0,1,5,39.3,1,6
0,3.52,0,1,16,40.7,1,25
1,15.94,0,1,2,12.6,0,23
2,32.77,0,2,73,36.6,2,2
1,13.77,0,2,7,17.0,0,14
0,1.9,0,1,81,35.0,2,16
2,21.12,2,0,11,10.2,0,7
2,23.53,2,0,46,37.4,2,3
2,20.49,2,0,95,31.7,2,2
0,2.86,0,1,56,35.1,2,22
1,9.27,2,1,31,40.3,1,14
1,6.28,2,2,51,34.7,1,6
1,15.16,1,1,88,32.6,2,6
2,28.9,0,0,54,42.6,1,4
0,0.86,1,0,15,17.3,0,35
2,32.13,1,2,13,36.3,1,3
2,15.66,2,2,1,19.4,0,2
0,5.24,0,1,46,42.7,1,22
0,4.44,1,2,43,43.0,1,20
2,24.27,2,2,51,33.7,2,2
2,18.63,2,1,34,13.5,0,2
0,2.31,0,0,19,11.3,0,33
2,24.89,2,1,22,19.7,0,8
0,6.34,0,2,36,24.3,2,19
2,30.59,2,2,5,33.1,1,2
1,10.67,1,2,32,32.6,2,8
1,13.3,1,0,31,9.3,0,22
0,4.62,0,1,9,9.6,0,33
2,33.07,1,1,8,28.9,1,10
2,15.25,2,2,24,13.6,0,2
0,3.4,2,2,21,17.3,0,21
2,37.91,1,0,13,8.5,0,6
1,12.91,0,2,29,17.1,0,12
2,16.19,1,2,18,10.5,0,7
2,26.69,2,1,68,36.0,2,2
2,16.2,2,1,18,13.3,0,16
0,5.19,2,1,53,41.4,1,24
2,34.55,2,2,13,18.0,0,2
2,33.74,2,1,14,21.6,0,5
0,3.26,0,1,22,15.7,0,26
0,6.62,0,0,47,41.2,1,27
0,3.25,0,1,23,16.6,0,25
1,12.29,0,0,81,34.1,2,11
0,0.65,1,1,54,25.8,2,23
0,6.69,1,1,10,42.1,1,24
2,18.21,2,2,45,20.1,0,2
0,6.72,2,1,36,43.5,1,25
2,37.01,1,1,19,38.6,1,2
1,15.65,1,1,15,32.3,1,19
0,3.32,0,1,7,28.8,1,30
2,12.75,0,0,26,15.8,0,15
0,5.46,1,1,5,36.3,1,27
0,4.86,2,0,82,25.5,2,21
